"","OrganizationIdentifier","OrganizationFormalName","MonitoringLocationIdentifier","MonitoringLocationName","MonitoringLocationTypeName","MonitoringLocationDescriptionText","HUCEightDigitCode","DrainageAreaMeasureMeasureValue","DrainageAreaMeasureMeasureUnitCode","ContributingDrainageAreaMeasureMeasureValue","ContributingDrainageAreaMeasureMeasureUnitCode","LatitudeMeasure","LongitudeMeasure","SourceMapScaleNumeric","HorizontalAccuracyMeasureMeasureValue","HorizontalAccuracyMeasureMeasureUnitCode","HorizontalCollectionMethodName","HorizontalCoordinateReferenceSystemDatumName","VerticalMeasureMeasureValue","VerticalMeasureMeasureUnitCode","VerticalAccuracyMeasureMeasureValue","VerticalAccuracyMeasureMeasureUnitCode","VerticalCollectionMethodName","VerticalCoordinateReferenceSystemDatumName","CountryCode","StateCode","CountyCode","AquiferName","FormationTypeText","AquiferTypeName","ConstructionDateText","WellDepthMeasureMeasureValue","WellDepthMeasureMeasureUnitCode","WellHoleDepthMeasureMeasureValue","WellHoleDepthMeasureMeasureUnitCode","LatChar","LonChar"
"926","NARS","EPA National Aquatic Resource Survey Data","NARS-ORSE04-R002","GOLD LAKE CREEK","River/Stream","FLOW is WADEABLE/SITE TYPE is EMAPHAND/Strahler Stream Order is  2/WATERSHED AREA is 41.36km^2",17090001,NA,"",NA,NA,"43.640000000000001","-122.03",NA,"","","Interpolation - Digital Map Source (TIGER)","NAD27","1472.0","m              ",NA,"","Photogrammetric","NAVD88      ","US",41,"39",NA,NA,NA,NA,NA,NA,NA,NA,"43.64","-122.03"
"927","NARS","EPA National Aquatic Resource Survey Data","NARS-ORSE04-R003","BOULDER CREEK","River/Stream","FLOW is WADEABLE/SITE TYPE is EMAPHAND/Strahler Stream Order is  3/WATERSHED AREA is 60.9614km^2",17100301,NA,"",NA,NA,"43.329999999999998","-122.5",NA,"","","Interpolation - Digital Map Source (TIGER)","NAD27","701.0","m              ",NA,"","Photogrammetric","NAVD88      ","US",41,"19",NA,NA,NA,NA,NA,NA,NA,NA,"43.33","-122.5"
"928","NARS","EPA National Aquatic Resource Survey Data","NARS-ORSE04-R005","GUANO_CK_HART_MTN","River/Stream","FLOW is WADEABLE/SITE TYPE is EMAPHAND/Strahler Stream Order is  3/WATERSHED AREA is 33.2479km^2",17120008,NA,"",NA,NA,"42.380000000000003","-119.72",NA,"","","Interpolation - Digital Map Source (TIGER)","NAD27","1789.0","m              ",NA,"","Photogrammetric","NAVD88      ","US",41,"37",NA,NA,NA,NA,NA,NA,NA,NA,"42.38","-119.72"
"929","NARS","EPA National Aquatic Resource Survey Data","NARS-ORSE04-R009","WILDHORSE CREEK","River/Stream","FLOW is PARTIAL WADEABLE/SITE TYPE is EMAPHAND/Strahler Stream Order is  2/WATERSHED AREA is 13.1005km^2",17120009,NA,"",NA,NA,"42.590000000000003","-118.59",NA,"","","Interpolation - Digital Map Source (TIGER)","NAD27","1922.0","m              ",NA,"","Photogrammetric","NAVD88      ","US",41,"25",NA,NA,NA,NA,NA,NA,NA,NA,"42.59","-118.59"
"930","NARS","EPA National Aquatic Resource Survey Data","NARS-ORSE04-R010","LITTLE WILDHORSE CREEK","River/Stream","FLOW is WADEABLE/SITE TYPE is EMAPHAND/Strahler Stream Order is  1/WATERSHED AREA is 5.1748km^2",17120009,NA,"",NA,NA,"42.600000000000001","-118.59",NA,"","","Interpolation - Digital Map Source (TIGER)","NAD27","2065.0","m              ",NA,"","Photogrammetric","NAVD88      ","US",41,"25",NA,NA,NA,NA,NA,NA,NA,NA,"42.6","-118.59"
"936","NARS","EPA National Aquatic Resource Survey Data","NARS-ORSE04-R011","WILLOW CREEK_NEAR HUNTERS CABIN","River/Stream","FLOW is WADEABLE/SITE TYPE is EMAPHAND/Strahler Stream Order is  2/WATERSHED AREA is 7.5156km^2",17120009,NA,"",NA,NA,"42.670000000000002","-118.51000000000001",NA,"","","Interpolation - Digital Map Source (TIGER)","NAD27","1574.0","m              ",NA,"","Photogrammetric","NAVD88      ","US",41,"25",NA,NA,NA,NA,NA,NA,NA,NA,"42.67","-118.51"
"937","NARS","EPA National Aquatic Resource Survey Data","NARS-ORSE04-R014","WILLIAMSON RIVER","River/Stream","FLOW is WADEABLE/SITE TYPE is EMAPHAND/Strahler Stream Order is  4/WATERSHED AREA is 349.8366km^2",18010201,NA,"",NA,NA,"42.829999999999998","-121.45",NA,"","","Interpolation - Digital Map Source (TIGER)","NAD27","1393.0","m              ",NA,"","Photogrammetric","NAVD88      ","US",41,"35",NA,NA,NA,NA,NA,NA,NA,NA,"42.83","-121.45"
"938","NARS","EPA National Aquatic Resource Survey Data","NARS-ORSE04-R015","ANNIE CREEK_WOOD RIVER","River/Stream","FLOW is WADEABLE/SITE TYPE is EMAPHAND/Strahler Stream Order is  3/WATERSHED AREA is 72.4084km^2",18010203,NA,"",NA,NA,"42.759999999999998","-122.05",NA,"","","Interpolation - Digital Map Source (TIGER)","NAD27","1325.0","m              ",NA,"","Photogrammetric","NAVD88      ","US",41,"35",NA,NA,NA,NA,NA,NA,NA,NA,"42.76","-122.05"
"939","NARS","EPA National Aquatic Resource Survey Data","NARS-ORSE04-R020","ROCK_CK_HART_MTN","River/Stream","FLOW is WADEABLE/SITE TYPE is EMAPHAND/Strahler Stream Order is  3/WATERSHED AREA is 31.5374km^2",17120008,NA,"",NA,NA,"42.530000000000001","-119.68000000000001",NA,"","","Interpolation - Digital Map Source (TIGER)","NAD27","1757.0","m              ",NA,"","Photogrammetric","NAVD88      ","US",41,"37",NA,NA,NA,NA,NA,NA,NA,NA,"42.53","-119.68"
"940","NARS","EPA National Aquatic Resource Survey Data","NARS-ORSE04-R021","DEGARNO_CK_HART_MTN","River/Stream","FLOW is WADEABLE/SITE TYPE is EMAPHAND/Strahler Stream Order is  1/WATERSHED AREA is 15.2441km^2",17120007,NA,"",NA,NA,"42.469999999999999","-119.78",NA,"","","Interpolation - Digital Map Source (TIGER)","NAD27","1536.0","m              ",NA,"","Photogrammetric","NAVD88      ","US",41,"37",NA,NA,NA,NA,NA,NA,NA,NA,"42.47","-119.78"
"941","NARS","EPA National Aquatic Resource Survey Data","NARS-ORSE04-R022","WILLOW CK_NEAR WHITEHORSE RANCH","River/Stream","FLOW is WADEABLE/SITE TYPE is EMAPHAND/Strahler Stream Order is  3/WATERSHED AREA is 44.4041km^2",17120009,NA,"",NA,NA,"42.189999999999998","-118.20999999999999",NA,"","","Interpolation - Digital Map Source (TIGER)","NAD27","1562.0","m              ",NA,"","Photogrammetric","NAVD88      ","US",41,"25",NA,NA,NA,NA,NA,NA,NA,NA,"42.19","-118.21"
"942","NARS","EPA National Aquatic Resource Survey Data","NARS-OSM04461-0001","SMITH RIVER","River/Stream","FLOW is BOATABLE/SITE TYPE is EMAPHAND/Strahler Stream Order is  5/WATERSHED AREA is 517.595km^2",17100303,NA,"",NA,NA,"43.799999999999997","-123.79000000000001",NA,"","","Interpolation - Digital Map Source (TIGER)","NAD27","43.0","m              ",NA,"","Photogrammetric","NAVD88      ","US",41,"19",NA,NA,NA,NA,NA,NA,NA,NA,"43.8","-123.79"
"943","NARS","EPA National Aquatic Resource Survey Data","NARS-OSM04461-0002","SMITH RIVER","River/Stream","FLOW is BOATABLE/SITE TYPE is EMAPHAND/Strahler Stream Order is  5/WATERSHED AREA is 457.0822km^2",17100303,NA,"",NA,NA,"43.799999999999997","-123.76000000000001",NA,"","","Interpolation - Digital Map Source (TIGER)","NAD27","57.0","m              ",NA,"","Photogrammetric","NAVD88      ","US",41,"19",NA,NA,NA,NA,NA,NA,NA,NA,"43.8","-123.76"
"944","NARS","EPA National Aquatic Resource Survey Data","NARS-OSM04461-0004","SMITH RIVER","River/Stream","FLOW is BOATABLE/SITE TYPE is EMAPHAND/Strahler Stream Order is  5/WATERSHED AREA is 523.7795km^2",17100303,NA,"",NA,NA,"43.780000000000001","-123.81",NA,"","","Interpolation - Digital Map Source (TIGER)","NAD27","25.0","m              ",NA,"","Photogrammetric","NAVD88      ","US",41,"19",NA,NA,NA,NA,NA,NA,NA,NA,"43.78","-123.81"
"945","NARS","EPA National Aquatic Resource Survey Data","NARS-OSM04461-0005","SMITH RIVER","River/Stream","FLOW is BOATABLE/SITE TYPE is EMAPHAND/Strahler Stream Order is  5/WATERSHED AREA is 544.6014km^2",17100303,NA,"",NA,NA,"43.780000000000001","-123.84999999999999",NA,"","","Interpolation - Digital Map Source (TIGER)","NAD27","8.0","m              ",NA,"","Photogrammetric","NAVD88      ","US",41,"19",NA,NA,NA,NA,NA,NA,NA,NA,"43.78","-123.85"
"946","NARS","EPA National Aquatic Resource Survey Data","NARS-OSM04461-0006","SMITH RIVER","River/Stream","FLOW is BOATABLE/SITE TYPE is EMAPHAND/Strahler Stream Order is  5/WATERSHED AREA is 573.1072km^2",17100303,NA,"",NA,NA,"43.780000000000001","-123.88",NA,"","","Interpolation - Digital Map Source (TIGER)","NAD27","5.0","m              ",NA,"","Photogrammetric","NAVD88      ","US",41,"19",NA,NA,NA,NA,NA,NA,NA,NA,"43.78","-123.88"
"947","NARS","EPA National Aquatic Resource Survey Data","NARS-OSM04461-0007","SMITH RIVER","River/Stream","FLOW is BOATABLE/SITE TYPE is EMAPHAND/Strahler Stream Order is  5/WATERSHED AREA is 574.7119km^2",17100303,NA,"",NA,NA,"43.780000000000001","-123.89",NA,"","","Interpolation - Digital Map Source (TIGER)","NAD27","5.0","m              ",NA,"","Photogrammetric","NAVD88      ","US",41,"19",NA,NA,NA,NA,NA,NA,NA,NA,"43.78","-123.89"
"948","NARS","EPA National Aquatic Resource Survey Data","NARS-OSM04461-0008","SMITH RIVER","River/Stream","FLOW is BOATABLE/SITE TYPE is EMAPHAND/Strahler Stream Order is  5/WATERSHED AREA is 851.6477km^2",17100303,NA,"",NA,NA,"43.770000000000003","-123.95999999999999",NA,"","","Interpolation - Digital Map Source (TIGER)","NAD27","4.0","m              ",NA,"","Photogrammetric","NAVD88      ","US",41,"19",NA,NA,NA,NA,NA,NA,NA,NA,"43.77","-123.96"
"949","NARS","EPA National Aquatic Resource Survey Data","NARS-WORP99-0502","ROGUE RIVER","River/Stream","FLOW is BOATABLE/SITE TYPE is EMAPPROB/Strahler Stream Order is  0/WATERSHED AREA is 6292.0638km^2/Station Weight (km): 783.6822",17100308,NA,"",NA,NA,"42.420000000000002","-123.25",NA,"","","Interpolation - Digital Map Source (TIGER)","NAD27","288.0","m              ",NA,"","Photogrammetric","NAVD88      ","US",41,"33",NA,NA,NA,NA,NA,NA,NA,NA,"42.42","-123.25"
"950","NARS","EPA National Aquatic Resource Survey Data","NARS-WORP99-0503","BEAR CREEK","River/Stream","FLOW is WADEABLE/SITE TYPE is EMAPPROB/Strahler Stream Order is  2/WATERSHED AREA is 6.96km^2/Station Weight (km): 587.7617/IBI Score: 48.607/OE Taxa Loss: 0.974",17090001,NA,"",NA,NA,"43.549999999999997","-122.2",NA,"","","Interpolation - Digital Map Source (TIGER)","NAD27","1383.0","m              ",NA,"","Photogrammetric","NAVD88      ","US",41,"39",NA,NA,NA,NA,NA,NA,NA,NA,"43.55","-122.2"
"954","NARS","EPA National Aquatic Resource Survey Data","NARS-WORP99-0505","ROCK CREEK","River/Stream","FLOW is WADEABLE/SITE TYPE is EMAPPROB/Strahler Stream Order is  3/WATERSHED AREA is 131.5824km^2/Station Weight (km): 470.2093/IBI Score: 62.929/OE Taxa Loss: 0.904",17100202,NA,"",NA,NA,"45.880000000000003","-123.29000000000001",NA,"","","Interpolation - Digital Map Source (TIGER)","NAD27","230.0","m              ",NA,"","Photogrammetric","NAVD88      ","US",41,"9",NA,NA,NA,NA,NA,NA,NA,NA,"45.88","-123.29"
"955","NARS","EPA National Aquatic Resource Survey Data","NARS-WORP99-0508","MINK CREEK","River/Stream","FLOW is WADEABLE/SITE TYPE is EMAPPROB/Strahler Stream Order is  2/WATERSHED AREA is 9.0603km^2/Station Weight (km): 587.7617/IBI Score: 65.717/OE Taxa Loss: 0.874",17100304,NA,"",NA,NA,"43.32","-123.84",NA,"","","Interpolation - Digital Map Source (TIGER)","NAD27","174.0","m              ",NA,"","Photogrammetric","NAVD88      ","US",41,"11",NA,NA,NA,NA,NA,NA,NA,NA,"43.32","-123.84"
"956","NARS","EPA National Aquatic Resource Survey Data","NARS-WORP99-0510","MUDDY CREEK","River/Stream","FLOW is WADEABLE/SITE TYPE is EMAPPROB/Strahler Stream Order is  1/WATERSHED AREA is 5.8044km^2/Station Weight (km): 1175.5233/IBI Score: 55.947/OE Taxa Loss: 0.974",18020001,NA,"",NA,NA,"42.229999999999997","-120.56999999999999",NA,"","","Interpolation - Digital Map Source (TIGER)","NAD27","1803.0","m              ",NA,"","Photogrammetric","NAVD88      ","US",41,"37",NA,NA,NA,NA,NA,NA,NA,NA,"42.23","-120.57"
"957","NARS","EPA National Aquatic Resource Survey Data","NARS-WORP99-0511","LITTLE ZIGZAG CANYON","River/Stream","FLOW is WADEABLE/SITE TYPE is EMAPPROB/Strahler Stream Order is  1/WATERSHED AREA is 1.3914km^2/Station Weight (km): 1175.5233/IBI Score: 16.667/OE Taxa Loss: 0.208",17080001,NA,"",NA,NA,"45.329999999999998","-121.73",NA,"","","Interpolation - Digital Map Source (TIGER)","NAD27","1688.0","m              ",NA,"","Photogrammetric","NAVD88      ","US",41,"5",NA,NA,NA,NA,NA,NA,NA,NA,"45.33","-121.73"
"958","NARS","EPA National Aquatic Resource Survey Data","NARS-WORP99-0512","NORTH TRAIL CREEK","River/Stream","FLOW is WADEABLE/SITE TYPE is EMAPPROB/Strahler Stream Order is  2/WATERSHED AREA is 15.5585km^2/Station Weight (km): 36.3806/IBI Score: 66.401/OE Taxa Loss: 1.116",17070202,NA,"",NA,NA,"44.950000000000003","-118.37",NA,"","","Interpolation - Digital Map Source (TIGER)","NAD27","1727.0","m              ",NA,"","Photogrammetric","NAVD88      ","US",41,"23",NA,NA,NA,NA,NA,NA,NA,NA,"44.95","-118.37"
"959","NARS","EPA National Aquatic Resource Survey Data","NARS-WORP99-0514","SYCAN RIVER","River/Stream","FLOW is WADEABLE/SITE TYPE is EMAPPROB/Strahler Stream Order is  4/WATERSHED AREA is 1137.1881km^2/Station Weight (km): 783.6822/IBI Score: 8.1409",18010202,NA,"",NA,NA,"42.68","-121.25",NA,"","","Interpolation - Digital Map Source (TIGER)","NAD27","1496.0","m              ",NA,"","Photogrammetric","NAVD88      ","US",41,"35",NA,NA,NA,NA,NA,NA,NA,NA,"42.68","-121.25"
"960","NARS","EPA National Aquatic Resource Survey Data","NARS-WORP99-0515","WF SILVER CREEK","River/Stream","FLOW is WADEABLE/SITE TYPE is EMAPPROB/Strahler Stream Order is  1/WATERSHED AREA is 6.2281km^2/Station Weight (km): 1175.5233/IBI Score: 41.49/OE Taxa Loss: 1.041",17120005,NA,"",NA,NA,"42.939999999999998","-121.25",NA,"","","Interpolation - Digital Map Source (TIGER)","NAD27","1921.0","m              ",NA,"","Photogrammetric","NAVD88      ","US",41,"37",NA,NA,NA,NA,NA,NA,NA,NA,"42.94","-121.25"
"961","NARS","EPA National Aquatic Resource Survey Data","NARS-WORP99-0518","BROADY CREEK","River/Stream","FLOW is WADEABLE/SITE TYPE is EMAPPROB/Strahler Stream Order is  2/WATERSHED AREA is 34.0685km^2/Station Weight (km): 391.8411/IBI Score: 61.986/OE Taxa Loss: 1.022",17060106,NA,"",NA,NA,"45.880000000000003","-117.08",NA,"","","Interpolation - Digital Map Source (TIGER)","NAD27","1042.0","m              ",NA,"","Photogrammetric","NAVD88      ","US",41,"63",NA,NA,NA,NA,NA,NA,NA,NA,"45.88","-117.08"
"962","NARS","EPA National Aquatic Resource Survey Data","NARS-WORP99-0519","MIDDLE CHANNEL WILLAMETTE RIVER","River/Stream","FLOW is BOATABLE/SITE TYPE is EMAPPROB/Strahler Stream Order is  2/WATERSHED AREA is 10211.3929km^2/Station Weight (km): 587.7617",17090003,NA,"",NA,NA,"44.490000000000002","-123.22",NA,"","","Interpolation - Digital Map Source (TIGER)","NAD27","71.0","m              ",NA,"","Photogrammetric","NAVD88      ","US",41,"3",NA,NA,NA,NA,NA,NA,NA,NA,"44.49","-123.22"
"967","NARS","EPA National Aquatic Resource Survey Data","NARS-WORP99-0520","UPPER ROCK CREEK","River/Stream","FLOW is WADEABLE/SITE TYPE is EMAPPROB/Strahler Stream Order is  3/WATERSHED AREA is 49.0209km^2/Station Weight (km): 470.2093/IBI Score: 74.133/OE Taxa Loss: 0.661",17100305,NA,"",NA,NA,"43.020000000000003","-123.81999999999999",NA,"","","Interpolation - Digital Map Source (TIGER)","NAD27","405.0","m              ",NA,"","Photogrammetric","NAVD88      ","US",41,"11",NA,NA,NA,NA,NA,NA,NA,NA,"43.02","-123.82"
"968","NARS","EPA National Aquatic Resource Survey Data","NARS-WORP99-0521","DESCHUTES RIVER","River/Stream","FLOW is BOATABLE/SITE TYPE is EMAPPROB/Strahler Stream Order is  4/WATERSHED AREA is 4550.5298km^2/Station Weight (km): 48.5075",17070301,NA,"",NA,NA,"43.969999999999999","-121.40000000000001",NA,"","","Interpolation - Digital Map Source (TIGER)","NAD27","1209.0","m              ",NA,"","Photogrammetric","NAVD88      ","US",41,"17",NA,NA,NA,NA,NA,NA,NA,NA,"43.97","-121.4"
"969","NARS","EPA National Aquatic Resource Survey Data","NARS-WORP99-0522","BIG TROUT CREEK","River/Stream","FLOW is WADEABLE/SITE TYPE is EMAPPROB/Strahler Stream Order is  3/WATERSHED AREA is 20.0986km^2/Station Weight (km): 293.8808/IBI Score: 61.767/OE Taxa Loss: 0.769",17120009,NA,"",NA,NA,"42.039999999999999","-118.29000000000001",NA,"","","Interpolation - Digital Map Source (TIGER)","NAD27","2048.0","m              ",NA,"","Photogrammetric","NAVD88      ","US",41,"25",NA,NA,NA,NA,NA,NA,NA,NA,"42.04","-118.29"
"970","NARS","EPA National Aquatic Resource Survey Data","NARS-WORP99-0523","DIXIE CREEK","River/Stream","FLOW is WADEABLE/SITE TYPE is EMAPPROB/Strahler Stream Order is  4/WATERSHED AREA is 184.0576km^2/Station Weight (km): 783.6822/IBI Score: 41.856/OE Taxa Loss: 0.902",17050202,NA,"",NA,NA,"44.439999999999998","-117.36",NA,"","","Interpolation - Digital Map Source (TIGER)","NAD27","777.0","m              ",NA,"","Photogrammetric","NAVD88      ","US",41,"1",NA,NA,NA,NA,NA,NA,NA,NA,"44.44","-117.36"
"971","NARS","EPA National Aquatic Resource Survey Data","NARS-WORP99-0528","MILK CREEK","River/Stream","FLOW is WADEABLE/SITE TYPE is EMAPPROB/Strahler Stream Order is  2/WATERSHED AREA is 4.4036km^2/Station Weight (km): 36.3806/IBI Score: 55.343/OE Taxa Loss: 0.993",17070201,NA,"",NA,NA,"44.469999999999999","-120.13",NA,"","","Interpolation - Digital Map Source (TIGER)","NAD27","1463.0","m              ",NA,"","Photogrammetric","NAVD88      ","US",41,"69",NA,NA,NA,NA,NA,NA,NA,NA,"44.47","-120.13"
"972","NARS","EPA National Aquatic Resource Survey Data","NARS-WORP99-0529","BUCK CREEK","River/Stream","FLOW is WADEABLE/SITE TYPE is EMAPPROB/Strahler Stream Order is  1/WATERSHED AREA is 2.092km^2/Station Weight (km): 72.7612/IBI Score: 53.173/OE Taxa Loss: 1.068",17070202,NA,"",NA,NA,"44.840000000000003","-118.48999999999999",NA,"","","Interpolation - Digital Map Source (TIGER)","NAD27","1379.0","m              ",NA,"","Photogrammetric","NAVD88      ","US",41,"23",NA,NA,NA,NA,NA,NA,NA,NA,"44.84","-118.49"
"973","NARS","EPA National Aquatic Resource Survey Data","NARS-WORP99-0530","TRIB TO STRAWBERRY CREEK","River/Stream","FLOW is WADEABLE/SITE TYPE is EMAPPROB/Strahler Stream Order is  1/WATERSHED AREA is 1.2382km^2/Station Weight (km): 72.7612/IBI Score: 21.613/OE Taxa Loss: 0.791",17070201,NA,"",NA,NA,"44.329999999999998","-118.64",NA,"","","Interpolation - Digital Map Source (TIGER)","NAD27","1729.0","m              ",NA,"","Photogrammetric","NAVD88      ","US",41,"23",NA,NA,NA,NA,NA,NA,NA,NA,"44.33","-118.64"
"974","NARS","EPA National Aquatic Resource Survey Data","NARS-WORP99-0535","JOHN DAY RIVER","River/Stream","FLOW is BOATABLE/SITE TYPE is EMAPPROB/Strahler Stream Order is  5/WATERSHED AREA is 15422.5539km^2/Station Weight (km): 27.2854",17070204,NA,"",NA,NA,"44.899999999999999","-120.45",NA,"","","Interpolation - Digital Map Source (TIGER)","NAD27","397.0","m              ",NA,"","Photogrammetric","NAVD88      ","US",41,"65",NA,NA,NA,NA,NA,NA,NA,NA,"44.9","-120.45"
"975","NARS","EPA National Aquatic Resource Survey Data","NARS-WORP99-0538","FLAT CREEK","River/Stream","FLOW is WADEABLE/SITE TYPE is EMAPPROB/Strahler Stream Order is  2/WATERSHED AREA is 12.7634km^2/Station Weight (km): 36.3806/IBI Score: 22.368/OE Taxa Loss: 0.621",17070201,NA,"",NA,NA,"44.009999999999998","-119.47",NA,"","","Interpolation - Digital Map Source (TIGER)","NAD27","1571.0","m              ",NA,"","Photogrammetric","NAVD88      ","US",41,"23",NA,NA,NA,NA,NA,NA,NA,NA,"44.01","-119.47"
"976","NARS","EPA National Aquatic Resource Survey Data","NARS-WORP99-0541","HIDAWAY CREEK","River/Stream","FLOW is WADEABLE/SITE TYPE is EMAPPROB/Strahler Stream Order is  2/WATERSHED AREA is 28.3874km^2/Station Weight (km): 36.3806/IBI Score: 84.017/OE Taxa Loss: 1.154",17070202,NA,"",NA,NA,"45.090000000000003","-118.66",NA,"","","Interpolation - Digital Map Source (TIGER)","NAD27","1490.0","m              ",NA,"","Photogrammetric","NAVD88      ","US",41,"59",NA,NA,NA,NA,NA,NA,NA,NA,"45.09","-118.66"
"977","NARS","EPA National Aquatic Resource Survey Data","NARS-WORP99-0542","ENNIS CREEK","River/Stream","FLOW is WADEABLE/SITE TYPE is EMAPPROB/Strahler Stream Order is  1/WATERSHED AREA is 4.5653km^2/Station Weight (km): 72.7612/IBI Score: 15.447/OE Taxa Loss: 0.718",17070201,NA,"",NA,NA,"44.530000000000001","-119.03",NA,"","","Interpolation - Digital Map Source (TIGER)","NAD27","1186.0","m              ",NA,"","Photogrammetric","NAVD88      ","US",41,"23",NA,NA,NA,NA,NA,NA,NA,NA,"44.53","-119.03"
"978","NARS","EPA National Aquatic Resource Survey Data","NARS-WORP99-0547","ROWE CREEK","River/Stream","FLOW is WADEABLE/SITE TYPE is EMAPPROB/Strahler Stream Order is  3/WATERSHED AREA is 41.0092km^2/Station Weight (km): 29.1045/IBI Score: 34.384/OE Taxa Loss: 0.841",17070204,NA,"",NA,NA,"44.82","-120.15000000000001",NA,"","","Interpolation - Digital Map Source (TIGER)","NAD27","749.0","m              ",NA,"","Photogrammetric","NAVD88      ","US",41,"69",NA,NA,NA,NA,NA,NA,NA,NA,"44.82","-120.15"
"979","NARS","EPA National Aquatic Resource Survey Data","NARS-WORP99-0548","NF DEER CREEK","River/Stream","FLOW is WADEABLE/SITE TYPE is EMAPPROB/Strahler Stream Order is  2/WATERSHED AREA is 2.7314km^2/Station Weight (km): 36.3806/IBI Score: 11.472/OE Taxa Loss: 0.838",17070201,NA,"",NA,NA,"44.200000000000003","-119.28",NA,"","","Interpolation - Digital Map Source (TIGER)","NAD27","1621.0","m              ",NA,"","Photogrammetric","NAVD88      ","US",41,"23",NA,NA,NA,NA,NA,NA,NA,NA,"44.2","-119.28"
"980","NARS","EPA National Aquatic Resource Survey Data","NARS-WORP99-0551","FROG CREEK TRIB.","River/Stream","FLOW is WADEABLE/SITE TYPE is EMAPPROB/Strahler Stream Order is  1/WATERSHED AREA is 3.2376km^2/Station Weight (km): 72.7612/IBI Score: 45.361/OE Taxa Loss: 0.943",17070306,NA,"",NA,NA,"45.18","-121.64",NA,"","","Interpolation - Digital Map Source (TIGER)","NAD27","1051.0","m              ",NA,"","Photogrammetric","NAVD88      ","US",41,"65",NA,NA,NA,NA,NA,NA,NA,NA,"45.18","-121.64"
"981","NARS","EPA National Aquatic Resource Survey Data","NARS-WORP99-0554","INDIAN CREEK","River/Stream","FLOW is WADEABLE/SITE TYPE is EMAPPROB/Strahler Stream Order is  2/WATERSHED AREA is 21.3706km^2/Station Weight (km): 36.3806/IBI Score: 80.122/OE Taxa Loss: 1.345",17070203,NA,"",NA,NA,"44.829999999999998","-118.87",NA,"","","Interpolation - Digital Map Source (TIGER)","NAD27","1290.0","m              ",NA,"","Photogrammetric","NAVD88      ","US",41,"23",NA,NA,NA,NA,NA,NA,NA,NA,"44.83","-118.87"
"984","NARS","EPA National Aquatic Resource Survey Data","NARS-WORP99-0617","BAKEOVEN CREEK","River/Stream","FLOW is WADEABLE/SITE TYPE is EMAPPROB/Strahler Stream Order is  4/WATERSHED AREA is 230.1742km^2",17070306,NA,"",NA,NA,"45.140000000000001","-120.95999999999999",NA,"","","Interpolation - Digital Map Source (TIGER)","NAD27","417.0","m              ",NA,"","Photogrammetric","NAVD88      ","US",41,"65",NA,NA,NA,NA,NA,NA,NA,NA,"45.14","-120.96"
"985","NARS","EPA National Aquatic Resource Survey Data","NARS-WORP99-0619","EAST FORK MEADOW BROOK CREEK","River/Stream","FLOW is WADEABLE/SITE TYPE is EMAPPROB/Strahler Stream Order is  2/WATERSHED AREA is 17.1483km^2",17070202,NA,"",NA,NA,"44.920000000000002","-118.89",NA,"","","Interpolation - Digital Map Source (TIGER)","NAD27","1284.0","m              ",NA,"","Photogrammetric","NAVD88      ","US",41,"23",NA,NA,NA,NA,NA,NA,NA,NA,"44.92","-118.89"
"986","NARS","EPA National Aquatic Resource Survey Data","NARS-WORP99-0559","CLEAR CREEK","River/Stream","FLOW is WADEABLE/SITE TYPE is EMAPPROB/Strahler Stream Order is  2/WATERSHED AREA is 37.0833km^2/Station Weight (km): 36.3806/IBI Score: 60.176/OE Taxa Loss: 1.219",17070203,NA,"",NA,NA,"44.530000000000001","-118.47",NA,"","","Interpolation - Digital Map Source (TIGER)","NAD27","1486.0","m              ",NA,"","Photogrammetric","NAVD88      ","US",41,"23",NA,NA,NA,NA,NA,NA,NA,NA,"44.53","-118.47"
"987","NARS","EPA National Aquatic Resource Survey Data","NARS-WORP99-0560","SUMMIT CREEK","River/Stream","FLOW is WADEABLE/SITE TYPE is EMAPPROB/Strahler Stream Order is  3/WATERSHED AREA is 49.3582km^2/Station Weight (km): 29.1045/IBI Score: 22.345/OE Taxa Loss: 0.971",17070203,NA,"",NA,NA,"44.579999999999998","-118.41",NA,"","","Interpolation - Digital Map Source (TIGER)","NAD27","1317.0","m              ",NA,"","Photogrammetric","NAVD88      ","US",41,"23",NA,NA,NA,NA,NA,NA,NA,NA,"44.58","-118.41"
"988","NARS","EPA National Aquatic Resource Survey Data","NARS-WORP99-0563","DESCHUTES RIVER","River/Stream","FLOW is BOATABLE/SITE TYPE is EMAPPROB/Strahler Stream Order is  6/WATERSHED AREA is 25152.7128km^2/Station Weight (km): 27.2854",17070306,NA,"",NA,NA,"45.149999999999999","-121.09999999999999",NA,"","","Interpolation - Digital Map Source (TIGER)","NAD27","275.0","m              ",NA,"","Photogrammetric","NAVD88      ","US",41,"65",NA,NA,NA,NA,NA,NA,NA,NA,"45.15","-121.1"
"989","NARS","EPA National Aquatic Resource Survey Data","NARS-WORP99-0605","BEAVER CREEK","River/Stream","FLOW is WADEABLE/SITE TYPE is EMAPPROB/Strahler Stream Order is  1/WATERSHED AREA is 11.8659km^2/Station Weight (km): 72.7612/IBI Score: 57.112/OE Taxa Loss: 1.141",17070306,NA,"",NA,NA,"45.090000000000003","-121.55",NA,"","","Interpolation - Digital Map Source (TIGER)","NAD27","885.0","m              ",NA,"","Photogrammetric","NAVD88      ","US",41,"65",NA,NA,NA,NA,NA,NA,NA,NA,"45.09","-121.55"
"990","NARS","EPA National Aquatic Resource Survey Data","NARS-WORP99-0606","THIRTY-MILE CREEK","River/Stream","FLOW is WADEABLE/SITE TYPE is EMAPPROB/Strahler Stream Order is  3/WATERSHED AREA is 129.45km^2/Station Weight (km): 18.1903/IBI Score: 75.05/OE Taxa Loss: 1.08",17070204,NA,"",NA,NA,"45.090000000000003","-120.09999999999999",NA,"","","Interpolation - Digital Map Source (TIGER)","NAD27","827.0","m              ",NA,"","Photogrammetric","NAVD88      ","US",41,"21",NA,NA,NA,NA,NA,NA,NA,NA,"45.09","-120.1"
"991","NARS","EPA National Aquatic Resource Survey Data","NARS-WORP99-0607","NORTH FORK REYNOLDS CREEK","River/Stream","FLOW is WADEABLE/SITE TYPE is EMAPPROB/Strahler Stream Order is  2/WATERSHED AREA is 30.3723km^2/Station Weight (km): 36.3806/IBI Score: 52.037/OE Taxa Loss: 1.01",17070201,NA,"",NA,NA,"44.43","-118.51000000000001",NA,"","","Interpolation - Digital Map Source (TIGER)","NAD27","1415.0","m              ",NA,"","Photogrammetric","NAVD88      ","US",41,"23",NA,NA,NA,NA,NA,NA,NA,NA,"44.43","-118.51"
"992","NARS","EPA National Aquatic Resource Survey Data","NARS-WORP99-0608","LOWER CLEAR CREEK","River/Stream","FLOW is WADEABLE/SITE TYPE is EMAPPROB/Strahler Stream Order is  2/WATERSHED AREA is 46.512km^2/Station Weight (km): 36.3806/IBI Score: 32.492/OE Taxa Loss: 1.104",17070203,NA,"",NA,NA,"44.57","-118.48999999999999",NA,"","","Interpolation - Digital Map Source (TIGER)","NAD27","1279.0","m              ",NA,"","Photogrammetric","NAVD88      ","US",41,"23",NA,NA,NA,NA,NA,NA,NA,NA,"44.57","-118.49"
"993","NARS","EPA National Aquatic Resource Survey Data","NARS-WORP99-0613","TENMILE CREEK","River/Stream","FLOW is WADEABLE/SITE TYPE is EMAPPROB/Strahler Stream Order is  2/WATERSHED AREA is 35.3899km^2/Station Weight (km): 24.2537/IBI Score: 74.262/OE Taxa Loss: 0.916",17070307,NA,"",NA,NA,"44.840000000000003","-121.0",NA,"","","Interpolation - Digital Map Source (TIGER)","NAD27","700.0","m              ",NA,"","Photogrammetric","NAVD88      ","US",41,"65",NA,NA,NA,NA,NA,NA,NA,NA,"44.84","-121"
"994","NARS","EPA National Aquatic Resource Survey Data","NARS-WORP99-0620","LONG CREEK","River/Stream","FLOW is WADEABLE/SITE TYPE is EMAPPROB/Strahler Stream Order is  2/WATERSHED AREA is 16.2237km^2",17070203,NA,"",NA,NA,"44.609999999999999","-118.94",NA,"","","Interpolation - Digital Map Source (TIGER)","NAD27","1578.0","m              ",NA,"","Photogrammetric","NAVD88      ","US",41,"23",NA,NA,NA,NA,NA,NA,NA,NA,"44.61","-118.94"
"995","NARS","EPA National Aquatic Resource Survey Data","NARS-WORP99-0622","GRASSHOPPER CREEK","River/Stream","FLOW is WADEABLE/SITE TYPE is EMAPPROB/Strahler Stream Order is  2/WATERSHED AREA is 13.2382km^2/Station Weight (km): 36.3806/IBI Score: 61.176/OE Taxa Loss: 1.159",17070201,NA,"",NA,NA,"44.039999999999999","-119.25",NA,"","","Interpolation - Digital Map Source (TIGER)","NAD27","1514.0","m              ",NA,"","Photogrammetric","NAVD88      ","US",41,"23",NA,NA,NA,NA,NA,NA,NA,NA,"44.04","-119.25"
"996","NARS","EPA National Aquatic Resource Survey Data","NARS-WORP99-0623","JOHN DAY RIVER","River/Stream","FLOW is BOATABLE/SITE TYPE is EMAPPROB/Strahler Stream Order is  5/WATERSHED AREA is 17334.5289km^2/Station Weight (km): 27.2854",17070204,NA,"",NA,NA,"45.299999999999997","-120.53",NA,"","","Interpolation - Digital Map Source (TIGER)","NAD27","240.0","m              ",NA,"","Photogrammetric","NAVD88      ","US",41,"55",NA,NA,NA,NA,NA,NA,NA,NA,"45.3","-120.53"
"997","NARS","EPA National Aquatic Resource Survey Data","NARS-WORP99-0625","CAMAS CREEK","River/Stream","FLOW is WADEABLE/SITE TYPE is EMAPPROB/Strahler Stream Order is  3/WATERSHED AREA is 160.1502km^2/Station Weight (km): 29.1045/IBI Score: 45.492/OE Taxa Loss: 1.025",17070202,NA,"",NA,NA,"45.170000000000002","-118.73",NA,"","","Interpolation - Digital Map Source (TIGER)","NAD27","1231.0","m              ",NA,"","Photogrammetric","NAVD88      ","US",41,"59",NA,NA,NA,NA,NA,NA,NA,NA,"45.17","-118.73"
"998","NARS","EPA National Aquatic Resource Survey Data","NARS-WORP99-0626","SPONGE CREEK","River/Stream","FLOW is WADEABLE/SITE TYPE is EMAPPROB/Strahler Stream Order is  2/WATERSHED AREA is 7.6986km^2/Station Weight (km): 36.3806/IBI Score: 20.966/OE Taxa Loss: 0.823",17070202,NA,"",NA,NA,"44.850000000000001","-118.72",NA,"","","Interpolation - Digital Map Source (TIGER)","NAD27","1559.0","m              ",NA,"","Photogrammetric","NAVD88      ","US",41,"23",NA,NA,NA,NA,NA,NA,NA,NA,"44.85","-118.72"
"999","NARS","EPA National Aquatic Resource Survey Data","NARS-WORP99-0629","DESCHUTES RIVER","River/Stream","FLOW is BOATABLE/SITE TYPE is EMAPPROB/Strahler Stream Order is  6/WATERSHED AREA is 24538.1897km^2/Station Weight (km): 27.2854",17070306,NA,"",NA,NA,"44.859999999999999","-121.05",NA,"","","Interpolation - Digital Map Source (TIGER)","NAD27","376.0","m              ",NA,"","Photogrammetric","NAVD88      ","US",41,"65",NA,NA,NA,NA,NA,NA,NA,NA,"44.86","-121.05"
"1000","NARS","EPA National Aquatic Resource Survey Data","NARS-WORP99-0630","COTTONWOOD CREEK","River/Stream","FLOW is WADEABLE/SITE TYPE is EMAPPROB/Strahler Stream Order is  4/WATERSHED AREA is 538.7617km^2/Station Weight (km): 48.5075/IBI Score: 55.124/OE Taxa Loss: 1.101",17070202,NA,"",NA,NA,"44.75","-119.41",NA,"","","Interpolation - Digital Map Source (TIGER)","NAD27","761.0","m              ",NA,"","Photogrammetric","NAVD88      ","US",41,"23",NA,NA,NA,NA,NA,NA,NA,NA,"44.75","-119.41"
"1002","NARS","EPA National Aquatic Resource Survey Data","NARS-WORP99-0959","PUDDING RIVER","River/Stream","FLOW is BOATABLE/SITE TYPE is EMAPPROB/Strahler Stream Order is  5/WATERSHED AREA is 1351.9641km^2",17090009,NA,"",NA,NA,"45.270000000000003","-122.73",NA,"","","Interpolation - Digital Map Source (TIGER)","NAD27","22.0","m              ",NA,"","Photogrammetric","NAVD88      ","US",41,"5",NA,NA,NA,NA,NA,NA,NA,NA,"45.27","-122.73"
"1005","NARS","EPA National Aquatic Resource Survey Data","NARS-WORP99-0632","JOHN DAY RIVER","River/Stream","FLOW is BOATABLE/SITE TYPE is EMAPPROB/Strahler Stream Order is  6/WATERSHED AREA is 4145.4342km^2/Station Weight (km): 48.5075",17070201,NA,"",NA,NA,"44.469999999999999","-119.53",NA,"","","Interpolation - Digital Map Source (TIGER)","NAD27","708.0","m              ",NA,"","Photogrammetric","NAVD88      ","US",41,"23",NA,NA,NA,NA,NA,NA,NA,NA,"44.47","-119.53"
"1009","NARS","EPA National Aquatic Resource Survey Data","NARS-WORP99-0657","TINCUP CREEK","River/Stream","FLOW is WADEABLE/SITE TYPE is EMAPPROB/Strahler Stream Order is  1/WATERSHED AREA is .852km^2/Station Weight (km): 1175.5233/IBI Score: 83.95/OE Taxa Loss: 1.149",17090005,NA,"",NA,NA,"44.859999999999999","-122.27",NA,"","","Interpolation - Digital Map Source (TIGER)","NAD27","756.0","m              ",NA,"","Photogrammetric","NAVD88      ","US",41,"47",NA,NA,NA,NA,NA,NA,NA,NA,"44.86","-122.27"
"1010","NARS","EPA National Aquatic Resource Survey Data","NARS-WORP99-0659","CULP CREEK","River/Stream","FLOW is WADEABLE/SITE TYPE is EMAPPROB/Strahler Stream Order is  2/WATERSHED AREA is 10.4439km^2/Station Weight (km): 587.7617/IBI Score: 63.252/OE Taxa Loss: 0.954",17090002,NA,"",NA,NA,"43.689999999999998","-122.84",NA,"","","Interpolation - Digital Map Source (TIGER)","NAD27","317.0","m              ",NA,"","Photogrammetric","NAVD88      ","US",41,"39",NA,NA,NA,NA,NA,NA,NA,NA,"43.69","-122.84"
"1011","NARS","EPA National Aquatic Resource Survey Data","NARS-WORP99-0661","MCCLURE CREEK","River/Stream","FLOW is WADEABLE/SITE TYPE is EMAPPROB/Strahler Stream Order is  1/WATERSHED AREA is .5823km^2/Station Weight (km): 1175.5233/IBI Score: 66.318/OE Taxa Loss: 1.103",17100202,NA,"",NA,NA,"45.850000000000001","-123.61",NA,"","","Interpolation - Digital Map Source (TIGER)","NAD27","197.0","m              ",NA,"","Photogrammetric","NAVD88      ","US",41,"7",NA,NA,NA,NA,NA,NA,NA,NA,"45.85","-123.61"
"1012","NARS","EPA National Aquatic Resource Survey Data","NARS-WORP99-0662","HINTON CREEK","River/Stream","FLOW is WADEABLE/SITE TYPE is EMAPPROB/Strahler Stream Order is  3/WATERSHED AREA is 79.9168km^2/Station Weight (km): 293.8808/IBI Score: 27.734/OE Taxa Loss: 0.335",17070104,NA,"",NA,NA,"45.359999999999999","-119.44",NA,"","","Interpolation - Digital Map Source (TIGER)","NAD27","720.0","m              ",NA,"","Photogrammetric","NAVD88      ","US",41,"49",NA,NA,NA,NA,NA,NA,NA,NA,"45.36","-119.44"
"1013","NARS","EPA National Aquatic Resource Survey Data","NARS-WORP99-0665","AVERY CREEK","River/Stream","FLOW is WADEABLE/SITE TYPE is EMAPPROB/Strahler Stream Order is  1/WATERSHED AREA is 2.5705km^2/Station Weight (km): 1175.5233/IBI Score: 8.366/OE Taxa Loss: 0.67",17120006,NA,"",NA,NA,"42.560000000000002","-120.53",NA,"","","Interpolation - Digital Map Source (TIGER)","NAD27","1691.0","m              ",NA,"","Photogrammetric","NAVD88      ","US",41,"37",NA,NA,NA,NA,NA,NA,NA,NA,"42.56","-120.53"
"1014","NARS","EPA National Aquatic Resource Survey Data","NARS-WORP99-0666","CHEHELEM CREEK TRIBUTARY","River/Stream","FLOW is WADEABLE/SITE TYPE is EMAPPROB/Strahler Stream Order is  2/WATERSHED AREA is 11.7149km^2/Station Weight (km): 587.7617/IBI Score: 9.558/OE Taxa Loss: 0.47",17090007,NA,"",NA,NA,"45.329999999999998","-123.05",NA,"","","Interpolation - Digital Map Source (TIGER)","NAD27","62.0","m              ",NA,"","Photogrammetric","NAVD88      ","US",41,"71",NA,NA,NA,NA,NA,NA,NA,NA,"45.33","-123.05"
"1015","NARS","EPA National Aquatic Resource Survey Data","NARS-WORP99-0667","DRY CREEK","River/Stream","FLOW is WADEABLE/SITE TYPE is EMAPPROB/Strahler Stream Order is  1/WATERSHED AREA is 4.2784km^2/Station Weight (km): 1175.5233/IBI Score: 37.474/OE Taxa Loss: 1.121",17060102,NA,"",NA,NA,"45.109999999999999","-116.84999999999999",NA,"","","Interpolation - Digital Map Source (TIGER)","NAD27","1481.0","m              ",NA,"","Photogrammetric","NAVD88      ","US",41,"63",NA,NA,NA,NA,NA,NA,NA,NA,"45.11","-116.85"
"1016","NARS","EPA National Aquatic Resource Survey Data","NARS-WORP99-0669","COAST FORK WILLAMETTE RIVER","River/Stream","FLOW is BOATABLE/SITE TYPE is EMAPPROB/Strahler Stream Order is  0/WATERSHED AREA is 1490.5186km^2/Station Weight (km): 783.6822",17090002,NA,"",NA,NA,"43.939999999999998","-122.98",NA,"","","Interpolation - Digital Map Source (TIGER)","NAD27","155.0","m              ",NA,"","Photogrammetric","NAVD88      ","US",41,"39",NA,NA,NA,NA,NA,NA,NA,NA,"43.94","-122.98"
"1017","NARS","EPA National Aquatic Resource Survey Data","NARS-WORP99-0670","UMPQUA RIVER","River/Stream","FLOW is BOATABLE/SITE TYPE is EMAPPROB/Strahler Stream Order is  5/WATERSHED AREA is 10455.3247km^2/Station Weight (km): 783.6822",17100303,NA,"",NA,NA,"43.649999999999999","-123.72",NA,"","","Interpolation - Digital Map Source (TIGER)","NAD27","9.0","m              ",NA,"","Photogrammetric","NAVD88      ","US",41,"19",NA,NA,NA,NA,NA,NA,NA,NA,"43.65","-123.72"
"1018","NARS","EPA National Aquatic Resource Survey Data","NARS-WORP99-0671","ROGUE RIVER","River/Stream","FLOW is BOATABLE/SITE TYPE is EMAPPROB/Strahler Stream Order is  5/WATERSHED AREA is 10097.4333km^2/Station Weight (km): 440.8212",17100310,NA,"",NA,NA,"42.649999999999999","-124.0",NA,"","","Interpolation - Digital Map Source (TIGER)","NAD27","73.0","m              ",NA,"","Photogrammetric","NAVD88      ","US",41,"15",NA,NA,NA,NA,NA,NA,NA,NA,"42.65","-124"
"1019","NARS","EPA National Aquatic Resource Survey Data","NARS-WORP99-0677","THREE CREEK","River/Stream","FLOW is WADEABLE/SITE TYPE is EMAPPROB/Strahler Stream Order is  0/WATERSHED AREA is 21.6021km^2/Station Weight (km): 48.5075/IBI Score: 77.355/OE Taxa Loss: 1.229",17070301,NA,"",NA,NA,"44.130000000000003","-121.59",NA,"","","Interpolation - Digital Map Source (TIGER)","NAD27","1687.0","m              ",NA,"","Photogrammetric","NAVD88      ","US",41,"17",NA,NA,NA,NA,NA,NA,NA,NA,"44.13","-121.59"
"1020","NARS","EPA National Aquatic Resource Survey Data","NARS-WORP99-0678","JOHN DAY RIVER","River/Stream","FLOW is BOATABLE/SITE TYPE is EMAPPROB/Strahler Stream Order is  5/WATERSHED AREA is 17830.9668km^2/Station Weight (km): 27.2854",17070204,NA,"",NA,NA,"45.420000000000002","-120.5",NA,"","","Interpolation - Digital Map Source (TIGER)","NAD27","178.0","m              ",NA,"","Photogrammetric","NAVD88      ","US",41,"21",NA,NA,NA,NA,NA,NA,NA,NA,"45.42","-120.5"
"1025","NARS","EPA National Aquatic Resource Survey Data","NARS-WORP99-0685","ROCK CREEK","River/Stream","FLOW is WADEABLE/SITE TYPE is EMAPPROB/Strahler Stream Order is  3/WATERSHED AREA is 62.6297km^2/Station Weight (km): 29.1045/IBI Score: 12.043/OE Taxa Loss: 0.642",17070204,NA,"",NA,NA,"45.090000000000003","-119.59999999999999",NA,"","","Interpolation - Digital Map Source (TIGER)","NAD27","1058.0","m              ",NA,"","Photogrammetric","NAVD88      ","US",41,"49",NA,NA,NA,NA,NA,NA,NA,NA,"45.09","-119.6"
"1026","NARS","EPA National Aquatic Resource Survey Data","NARS-WORP99-0689","JOHN DAY RIVER","River/Stream","FLOW is BOATABLE/SITE TYPE is EMAPPROB/Strahler Stream Order is  5/WATERSHED AREA is 17537.0169km^2/Station Weight (km): 27.2854",17070204,NA,"",NA,NA,"45.369999999999997","-120.51000000000001",NA,"","","Interpolation - Digital Map Source (TIGER)","NAD27","219.0","m              ",NA,"","Photogrammetric","NAVD88      ","US",41,"21",NA,NA,NA,NA,NA,NA,NA,NA,"45.37","-120.51"
"1027","NARS","EPA National Aquatic Resource Survey Data","NARS-WORP99-0691","RUSH CREEK","River/Stream","FLOW is WADEABLE/SITE TYPE is EMAPPROB/Strahler Stream Order is  2/WATERSHED AREA is 17.4059km^2/Station Weight (km): 36.3806/IBI Score: 64.724/OE Taxa Loss: 1.168",17070202,NA,"",NA,NA,"45.020000000000003","-119.14",NA,"","","Interpolation - Digital Map Source (TIGER)","NAD27","1036.0","m              ",NA,"","Photogrammetric","NAVD88      ","US",41,"59",NA,NA,NA,NA,NA,NA,NA,NA,"45.02","-119.14"
"1028","NARS","EPA National Aquatic Resource Survey Data","NARS-WORP99-0692","SUNSHINE CREEK","River/Stream","FLOW is WADEABLE/SITE TYPE is EMAPPROB/Strahler Stream Order is  1/WATERSHED AREA is 2.2524km^2/Station Weight (km): 72.7612/IBI Score: 28.635/OE Taxa Loss: 0.916",17070203,NA,"",NA,NA,"44.649999999999999","-118.72",NA,"","","Interpolation - Digital Map Source (TIGER)","NAD27","1350.0","m              ",NA,"","Photogrammetric","NAVD88      ","US",41,"23",NA,NA,NA,NA,NA,NA,NA,NA,"44.65","-118.72"
"1029","NARS","EPA National Aquatic Resource Survey Data","NARS-WORP99-0696","JOHN DAY RIVER","River/Stream","FLOW is BOATABLE/SITE TYPE is EMAPPROB/Strahler Stream Order is  4/WATERSHED AREA is 12541.1123km^2/Station Weight (km): 27.2854",17070204,NA,"",NA,NA,"44.810000000000002","-119.78",NA,"","","Interpolation - Digital Map Source (TIGER)","NAD27","537.0","m              ",NA,"","Photogrammetric","NAVD88      ","US",41,"69",NA,NA,NA,NA,NA,NA,NA,NA,"44.81","-119.78"
"1030","NARS","EPA National Aquatic Resource Survey Data","NARS-WORP99-0698","RILEY CREEK","River/Stream","FLOW is WADEABLE/SITE TYPE is EMAPPROB/Strahler Stream Order is  2/WATERSHED AREA is 11.1958km^2/Station Weight (km): 36.3806/IBI Score: 61.446/OE Taxa Loss: 1.332",17070201,NA,"",NA,NA,"44.299999999999997","-119.17",NA,"","","Interpolation - Digital Map Source (TIGER)","NAD27","1434.0","m              ",NA,"","Photogrammetric","NAVD88      ","US",41,"23",NA,NA,NA,NA,NA,NA,NA,NA,"44.3","-119.17"
"1031","NARS","EPA National Aquatic Resource Survey Data","NARS-WORP99-0701","BARLOW CREEK","River/Stream","FLOW is WADEABLE/SITE TYPE is EMAPPROB/Strahler Stream Order is  2/WATERSHED AREA is 10.2187km^2/Station Weight (km): 36.3806/IBI Score: 70.554/OE Taxa Loss: 1.171",17070306,NA,"",NA,NA,"45.240000000000002","-121.65000000000001",NA,"","","Interpolation - Digital Map Source (TIGER)","NAD27","1010.0","m              ",NA,"","Photogrammetric","NAVD88      ","US",41,"65",NA,NA,NA,NA,NA,NA,NA,NA,"45.24","-121.65"
"1032","NARS","EPA National Aquatic Resource Survey Data","NARS-WORP99-0702","JOHN DAY RIVER","River/Stream","FLOW is BOATABLE/SITE TYPE is EMAPPROB/Strahler Stream Order is  5/WATERSHED AREA is 16092.5631km^2/Station Weight (km): 27.2854",17070204,NA,"",NA,NA,"45.060000000000002","-120.48999999999999",NA,"","","Interpolation - Digital Map Source (TIGER)","NAD27","349.0","m              ",NA,"","Photogrammetric","NAVD88      ","US",41,"65",NA,NA,NA,NA,NA,NA,NA,NA,"45.06","-120.49"
"1033","NARS","EPA National Aquatic Resource Survey Data","NARS-WORP99-0704","ELK CREEK","River/Stream","FLOW is WADEABLE/SITE TYPE is EMAPPROB/Strahler Stream Order is  2/WATERSHED AREA is 16.289km^2/Station Weight (km): 36.3806/IBI Score: 64.374/OE Taxa Loss: 0.936",17070203,NA,"",NA,NA,"44.710000000000001","-118.8",NA,"","","Interpolation - Digital Map Source (TIGER)","NAD27","1124.0","m              ",NA,"","Photogrammetric","NAVD88      ","US",41,"23",NA,NA,NA,NA,NA,NA,NA,NA,"44.71","-118.8"
"1034","NARS","EPA National Aquatic Resource Survey Data","NARS-WORP99-0707","DESCHUTES RIVER","River/Stream","FLOW is BOATABLE/SITE TYPE is EMAPPROB/Strahler Stream Order is  6/WATERSHED AREA is 24853.9498km^2/Station Weight (km): 27.2854",17070306,NA,"",NA,NA,"45.049999999999997","-121.11",NA,"","","Interpolation - Digital Map Source (TIGER)","NAD27","306.0","m              ",NA,"","Photogrammetric","NAVD88      ","US",41,"65",NA,NA,NA,NA,NA,NA,NA,NA,"45.05","-121.11"
"1035","NARS","EPA National Aquatic Resource Survey Data","NARS-WORP99-0708","NORTH FORK JOHN DAY RIVER","River/Stream","FLOW is BOATABLE/SITE TYPE is EMAPPROB/Strahler Stream Order is  6/WATERSHED AREA is 5181.6923km^2/Station Weight (km): 48.5075",17070202,NA,"",NA,NA,"44.920000000000002","-119.33",NA,"","","Interpolation - Digital Map Source (TIGER)","NAD27","661.0","m              ",NA,"","Photogrammetric","NAVD88      ","US",41,"23",NA,NA,NA,NA,NA,NA,NA,NA,"44.92","-119.33"
"1036","NARS","EPA National Aquatic Resource Survey Data","NARS-WORP99-0710","SECOND CREEK","River/Stream","FLOW is WADEABLE/SITE TYPE is EMAPPROB/Strahler Stream Order is  1/WATERSHED AREA is .5592km^2/Station Weight (km): 72.7612/IBI Score: 36.049/OE Taxa Loss: 0.893",17070201,NA,"",NA,NA,"44.369999999999997","-119.25",NA,"","","Interpolation - Digital Map Source (TIGER)","NAD27","1401.0","m              ",NA,"","Photogrammetric","NAVD88      ","US",41,"23",NA,NA,NA,NA,NA,NA,NA,NA,"44.37","-119.25"
"1037","NARS","EPA National Aquatic Resource Survey Data","NARS-WORP99-0721","ONION CREEK","River/Stream","FLOW is WADEABLE/SITE TYPE is EMAPPROB/Strahler Stream Order is  2/WATERSHED AREA is 6.1357km^2/Station Weight (km): 36.3806/IBI Score: 23.54/OE Taxa Loss: 1.052",17070202,NA,"",NA,NA,"44.890000000000001","-118.38",NA,"","","Interpolation - Digital Map Source (TIGER)","NAD27","1698.0","m              ",NA,"","Photogrammetric","NAVD88      ","US",41,"23",NA,NA,NA,NA,NA,NA,NA,NA,"44.89","-118.38"
"1038","NARS","EPA National Aquatic Resource Survey Data","NARS-WORP99-0724","PINE CREEK","River/Stream","FLOW is WADEABLE/SITE TYPE is EMAPPROB/Strahler Stream Order is  4/WATERSHED AREA is 41.283km^2/Station Weight (km): 48.5075/IBI Score: 17.027/OE Taxa Loss: 0.634",17070201,NA,"",NA,NA,"44.090000000000003","-119.51000000000001",NA,"","","Interpolation - Digital Map Source (TIGER)","NAD27","1329.0","m              ",NA,"","Photogrammetric","NAVD88      ","US",41,"23",NA,NA,NA,NA,NA,NA,NA,NA,"44.09","-119.51"
"1039","NARS","EPA National Aquatic Resource Survey Data","NARS-WORP99-0728","STRAWBERRY CREEK","River/Stream","FLOW is WADEABLE/SITE TYPE is EMAPPROB/Strahler Stream Order is  2/WATERSHED AREA is 49.9762km^2/Station Weight (km): 36.3806/IBI Score: 69.22/OE Taxa Loss: 1.267",17070201,NA,"",NA,NA,"44.390000000000001","-118.67",NA,"","","Interpolation - Digital Map Source (TIGER)","NAD27","1233.0","m              ",NA,"","Photogrammetric","NAVD88      ","US",41,"23",NA,NA,NA,NA,NA,NA,NA,NA,"44.39","-118.67"
"1045","NARS","EPA National Aquatic Resource Survey Data","NARS-WORP99-0731","NORTH FORK JOHN DAY RIVER","River/Stream","FLOW is BOATABLE/SITE TYPE is EMAPPROB/Strahler Stream Order is  6/WATERSHED AREA is 2672.6511km^2/Station Weight (km): 48.5075",17070202,NA,"",NA,NA,"44.990000000000002","-119.11",NA,"","","Interpolation - Digital Map Source (TIGER)","NAD27","766.0","m              ",NA,"","Photogrammetric","NAVD88      ","US",41,"23",NA,NA,NA,NA,NA,NA,NA,NA,"44.99","-119.11"
"1046","NARS","EPA National Aquatic Resource Survey Data","NARS-WORP99-0734","VINCENT CREEK","River/Stream","FLOW is WADEABLE/SITE TYPE is EMAPPROB/Strahler Stream Order is  1/WATERSHED AREA is .8972km^2/Station Weight (km): 72.7612/IBI Score: 63.269/OE Taxa Loss: 0.899",17070203,NA,"",NA,NA,"44.670000000000002","-118.54000000000001",NA,"","","Interpolation - Digital Map Source (TIGER)","NAD27","1728.0","m              ",NA,"","Photogrammetric","NAVD88      ","US",41,"23",NA,NA,NA,NA,NA,NA,NA,NA,"44.67","-118.54"
"1047","NARS","EPA National Aquatic Resource Survey Data","NARS-WORP99-0735","DRIFT CREEK","River/Stream","FLOW is WADEABLE/SITE TYPE is EMAPPROB/Strahler Stream Order is  3/WATERSHED AREA is 60.7544km^2/Station Weight (km): 470.2093/IBI Score: 57.539/OE Taxa Loss: 0.765",17090009,NA,"",NA,NA,"44.960000000000001","-122.79000000000001",NA,"","","Interpolation - Digital Map Source (TIGER)","NAD27","92.0","m              ",NA,"","Photogrammetric","NAVD88      ","US",41,"47",NA,NA,NA,NA,NA,NA,NA,NA,"44.96","-122.79"
"1048","NARS","EPA National Aquatic Resource Survey Data","NARS-WORP99-0737","DESCHUTES RIVER","River/Stream","FLOW is BOATABLE/SITE TYPE is EMAPPROB/Strahler Stream Order is  4/WATERSHED AREA is 1465.129km^2/Station Weight (km): 48.5075",17070301,NA,"",NA,NA,"43.840000000000003","-121.45999999999999",NA,"","","Interpolation - Digital Map Source (TIGER)","NAD27","1272.0","m              ",NA,"","Photogrammetric","NAVD88      ","US",41,"17",NA,NA,NA,NA,NA,NA,NA,NA,"43.84","-121.46"
"1049","NARS","EPA National Aquatic Resource Survey Data","NARS-WORP99-0739","HARLISS CREEK","River/Stream","FLOW is WADEABLE/SITE TYPE is EMAPPROB/Strahler Stream Order is  1/WATERSHED AREA is 1.1921km^2/Station Weight (km): 1175.5233/IBI Score: 47.951/OE Taxa Loss: 0.992",17100202,NA,"",NA,NA,"45.689999999999998","-123.70999999999999",NA,"","","Interpolation - Digital Map Source (TIGER)","NAD27","155.0","m              ",NA,"","Photogrammetric","NAVD88      ","US",41,"57",NA,NA,NA,NA,NA,NA,NA,NA,"45.69","-123.71"
"1050","NARS","EPA National Aquatic Resource Survey Data","NARS-WORP99-0740","JOHNSON CREEK","River/Stream","FLOW is WADEABLE/SITE TYPE is EMAPPROB/Strahler Stream Order is  2/WATERSHED AREA is 30.9653km^2/Station Weight (km): 587.7617/IBI Score: 58.542/OE Taxa Loss: 1.162",17070103,NA,"",NA,NA,"45.240000000000002","-119.2",NA,"","","Interpolation - Digital Map Source (TIGER)","NAD27","1147.0","m              ",NA,"","Photogrammetric","NAVD88      ","US",41,"49",NA,NA,NA,NA,NA,NA,NA,NA,"45.24","-119.2"
"1051","NARS","EPA National Aquatic Resource Survey Data","NARS-WORP99-0742","SPRAGUE RIVER","River/Stream","FLOW is BOATABLE/SITE TYPE is EMAPPROB/Strahler Stream Order is  6/WATERSHED AREA is 3750.7712km^2/Station Weight (km): 783.6822",18010202,NA,"",NA,NA,"42.560000000000002","-121.68000000000001",NA,"","","Interpolation - Digital Map Source (TIGER)","NAD27","1301.0","m              ",NA,"","Photogrammetric","NAVD88      ","US",41,"35",NA,NA,NA,NA,NA,NA,NA,NA,"42.56","-121.68"
"1052","NARS","EPA National Aquatic Resource Survey Data","NARS-WORP99-0745","SAWMILL CREEK","River/Stream","FLOW is WADEABLE/SITE TYPE is EMAPPROB/Strahler Stream Order is  2/WATERSHED AREA is 23.7355km^2/Station Weight (km): 587.7617/IBI Score: 50.987/OE Taxa Loss: 0.936",17050203,NA,"",NA,NA,"44.890000000000001","-117.42",NA,"","","Interpolation - Digital Map Source (TIGER)","NAD27","1018.0","m              ",NA,"","Photogrammetric","NAVD88      ","US",41,"1",NA,NA,NA,NA,NA,NA,NA,NA,"44.89","-117.42"
"1053","NARS","EPA National Aquatic Resource Survey Data","NARS-WORP99-0747","WILLAMETTE RIVER","River/Stream","FLOW is BOATABLE/SITE TYPE is EMAPPROB/Strahler Stream Order is  1/WATERSHED AREA is 8817.6551km^2/Station Weight (km): 1175.5233",17090003,NA,"",NA,NA,"44.140000000000001","-123.12",NA,"","","Interpolation - Digital Map Source (TIGER)","NAD27","108.0","m              ",NA,"","Photogrammetric","NAVD88      ","US",41,"39",NA,NA,NA,NA,NA,NA,NA,NA,"44.14","-123.12"
"1054","NARS","EPA National Aquatic Resource Survey Data","NARS-WORP99-0748","WIND CREEK","River/Stream","FLOW is WADEABLE/SITE TYPE is EMAPPROB/Strahler Stream Order is  2/WATERSHED AREA is 6.1822km^2/Station Weight (km): 587.7617/IBI Score: 12.552/OE Taxa Loss: 0.451",17100303,NA,"",NA,NA,"43.640000000000001","-124.09",NA,"","","Interpolation - Digital Map Source (TIGER)","NAD27","24.0","m              ",NA,"","Photogrammetric","NAVD88      ","US",41,"19",NA,NA,NA,NA,NA,NA,NA,NA,"43.64","-124.09"
"1055","NARS","EPA National Aquatic Resource Survey Data","NARS-WORP99-0762","GRAVES CREEK","River/Stream","FLOW is INTERRUPTED WADEABLE/SITE TYPE is EMAPPROB/Strahler Stream Order is  2/WATERSHED AREA is 29.6871km^2/Station Weight (km): 36.3806/IBI Score: 29.273/OE Taxa Loss: 0.858",17070202,NA,"",NA,NA,"44.969999999999999","-119.29000000000001",NA,"","","Interpolation - Digital Map Source (TIGER)","NAD27","759.0","m              ",NA,"","Photogrammetric","NAVD88      ","US",41,"23",NA,NA,NA,NA,NA,NA,NA,NA,"44.97","-119.29"
"1056","NARS","EPA National Aquatic Resource Survey Data","NARS-WORP99-0768","BRIDGE CREEK","River/Stream","FLOW is WADEABLE/SITE TYPE is EMAPPROB/Strahler Stream Order is  4/WATERSHED AREA is 363.1677km^2/Station Weight (km): 48.5075/IBI Score: 35.779/OE Taxa Loss: 1.202",17070204,NA,"",NA,NA,"44.619999999999997","-120.2",NA,"","","Interpolation - Digital Map Source (TIGER)","NAD27","658.0","m              ",NA,"","Photogrammetric","NAVD88      ","US",41,"69",NA,NA,NA,NA,NA,NA,NA,NA,"44.62","-120.2"
"1057","NARS","EPA National Aquatic Resource Survey Data","NARS-WORP99-0769","NORTH FORK CABLE CREEK","River/Stream","FLOW is WADEABLE/SITE TYPE is EMAPPROB/Strahler Stream Order is  2/WATERSHED AREA is 7.2031km^2/Station Weight (km): 36.3806/IBI Score: 68.425/OE Taxa Loss: 1.2",17070202,NA,"",NA,NA,"45.049999999999997","-118.66",NA,"","","Interpolation - Digital Map Source (TIGER)","NAD27","1424.0","m              ",NA,"","Photogrammetric","NAVD88      ","US",41,"59",NA,NA,NA,NA,NA,NA,NA,NA,"45.05","-118.66"
"1058","NARS","EPA National Aquatic Resource Survey Data","NARS-WORP99-0775","BROWN CREEK","River/Stream","FLOW is WADEABLE/SITE TYPE is EMAPPROB/Strahler Stream Order is  2/WATERSHED AREA is 12.5901km^2/Station Weight (km): 36.3806/IBI Score: 45.398/OE Taxa Loss: 1.171",17070204,NA,"",NA,NA,"44.990000000000002","-119.8",NA,"","","Interpolation - Digital Map Source (TIGER)","NAD27","1216.0","m              ",NA,"","Photogrammetric","NAVD88      ","US",41,"69",NA,NA,NA,NA,NA,NA,NA,NA,"44.99","-119.8"
"1059","NARS","EPA National Aquatic Resource Survey Data","NARS-WORP99-0780","FOX CREEK","River/Stream","FLOW is WADEABLE/SITE TYPE is EMAPPROB/Strahler Stream Order is  4/WATERSHED AREA is 322.0301km^2/Station Weight (km): 48.5075/IBI Score: 49.771/OE Taxa Loss: 1.341",17070202,NA,"",NA,NA,"44.609999999999999","-119.29000000000001",NA,"","","Interpolation - Digital Map Source (TIGER)","NAD27","1202.0","m              ",NA,"","Photogrammetric","NAVD88      ","US",41,"23",NA,NA,NA,NA,NA,NA,NA,NA,"44.61","-119.29"
"1065","NARS","EPA National Aquatic Resource Survey Data","NARS-WORP99-0787","BALDY CREEK","River/Stream","FLOW is WADEABLE/SITE TYPE is EMAPPROB/Strahler Stream Order is  3/WATERSHED AREA is 25.3933km^2/Station Weight (km): 29.1045/IBI Score: 71.52/OE Taxa Loss: 1.172",17070202,NA,"",NA,NA,"44.899999999999999","-118.31",NA,"","","Interpolation - Digital Map Source (TIGER)","NAD27","1700.0","m              ",NA,"","Photogrammetric","NAVD88      ","US",41,"23",NA,NA,NA,NA,NA,NA,NA,NA,"44.9","-118.31"
"1066","NARS","EPA National Aquatic Resource Survey Data","NARS-WORP99-0792","STRAW FORK CREEK","River/Stream","FLOW is WADEABLE/SITE TYPE is EMAPPROB/Strahler Stream Order is  2/WATERSHED AREA is 12.2082km^2/Station Weight (km): 36.3806/IBI Score: 22.37/OE Taxa Loss: 0.813",17070204,NA,"",NA,NA,"44.950000000000003","-120.11",NA,"","","Interpolation - Digital Map Source (TIGER)","NAD27","1034.0","m              ",NA,"","Photogrammetric","NAVD88      ","US",41,"69",NA,NA,NA,NA,NA,NA,NA,NA,"44.95","-120.11"
"1067","NARS","EPA National Aquatic Resource Survey Data","NARS-WORP99-0794","MIDDLE FORK JOHN DAY RIVER","River/Stream","FLOW is WADEABLE/SITE TYPE is EMAPPROB/Strahler Stream Order is  4/WATERSHED AREA is 411.6721km^2/Station Weight (km): 48.5075/IBI Score: 60.96/OE Taxa Loss: 1.133",17070203,NA,"",NA,NA,"44.619999999999997","-118.56999999999999",NA,"","","Interpolation - Digital Map Source (TIGER)","NAD27","1223.0","m              ",NA,"","Photogrammetric","NAVD88      ","US",41,"23",NA,NA,NA,NA,NA,NA,NA,NA,"44.62","-118.57"
"1068","NARS","EPA National Aquatic Resource Survey Data","NARS-WORP99-0797","DESCHUTES RIVER","River/Stream","FLOW is BOATABLE/SITE TYPE is EMAPPROB/Strahler Stream Order is  5/WATERSHED AREA is 21289.9533km^2/Station Weight (km): 27.2854",17070306,NA,"",NA,NA,"44.789999999999999","-121.14",NA,"","","Interpolation - Digital Map Source (TIGER)","NAD27","406.0","m              ",NA,"","Photogrammetric","NAVD88      ","US",41,"31",NA,NA,NA,NA,NA,NA,NA,NA,"44.79","-121.14"
"1069","NARS","EPA National Aquatic Resource Survey Data","NARS-WORP99-0798","JOHN DAY RIVER","River/Stream","FLOW is BOATABLE/SITE TYPE is EMAPPROB/Strahler Stream Order is  4/WATERSHED AREA is 12871.9742km^2/Station Weight (km): 27.2854",17070204,NA,"",NA,NA,"44.810000000000002","-119.84999999999999",NA,"","","Interpolation - Digital Map Source (TIGER)","NAD27","531.0","m              ",NA,"","Photogrammetric","NAVD88      ","US",41,"69",NA,NA,NA,NA,NA,NA,NA,NA,"44.81","-119.85"
"1070","NARS","EPA National Aquatic Resource Survey Data","NARS-WORP99-0799","JOHN DAY RIVER","River/Stream","FLOW is BOATABLE/SITE TYPE is EMAPPROB/Strahler Stream Order is  5/WATERSHED AREA is 13805.2513km^2/Station Weight (km): 27.2854",17070204,NA,"",NA,NA,"44.75","-120.23999999999999",NA,"","","Interpolation - Digital Map Source (TIGER)","NAD27","473.0","m              ",NA,"","Photogrammetric","NAVD88      ","US",41,"69",NA,NA,NA,NA,NA,NA,NA,NA,"44.75","-120.24"
"1071","NARS","EPA National Aquatic Resource Survey Data","NARS-WORP99-0800","DEER CREEK","River/Stream","FLOW is WADEABLE/SITE TYPE is EMAPPROB/Strahler Stream Order is  3/WATERSHED AREA is 38.6722km^2/Station Weight (km): 29.1045/IBI Score: 53.62/OE Taxa Loss: 1.206",17070201,NA,"",NA,NA,"44.200000000000003","-119.34999999999999",NA,"","","Interpolation - Digital Map Source (TIGER)","NAD27","1427.0","m              ",NA,"","Photogrammetric","NAVD88      ","US",41,"23",NA,NA,NA,NA,NA,NA,NA,NA,"44.2","-119.35"
"1072","NARS","EPA National Aquatic Resource Survey Data","NARS-WORP99-0803","GATE CREEK","River/Stream","FLOW is WADEABLE/SITE TYPE is EMAPPROB/Strahler Stream Order is  2/WATERSHED AREA is 16.1678km^2/Station Weight (km): 36.3806/IBI Score: 40.335/OE Taxa Loss: 0.699",17070306,NA,"",NA,NA,"45.200000000000003","-121.41",NA,"","","Interpolation - Digital Map Source (TIGER)","NAD27","743.0","m              ",NA,"","Photogrammetric","NAVD88      ","US",41,"65",NA,NA,NA,NA,NA,NA,NA,NA,"45.2","-121.41"
"1073","NARS","EPA National Aquatic Resource Survey Data","NARS-WORP99-0806","BEEMAN CREEK","River/Stream","FLOW is WADEABLE/SITE TYPE is EMAPPROB/Strahler Stream Order is  1/WATERSHED AREA is 3.4869km^2/Station Weight (km): 72.7612/IBI Score: 62.062/OE Taxa Loss: 1.429",17070202,NA,"",NA,NA,"44.840000000000003","-118.78",NA,"","","Interpolation - Digital Map Source (TIGER)","NAD27","1677.0","m              ",NA,"","Photogrammetric","NAVD88      ","US",41,"23",NA,NA,NA,NA,NA,NA,NA,NA,"44.84","-118.78"
"1074","NARS","EPA National Aquatic Resource Survey Data","NARS-WORP99-0813","NIAGARA CREEK NEAR NESTUCCA RIVER","River/Stream","FLOW is PARTIAL WADEABLE/SITE TYPE is EMAPPROB/Strahler Stream Order is  2/WATERSHED AREA is 8.1113km^2/Station Weight (km): 587.7617/IBI Score: 43.7297",17100203,NA,"",NA,NA,"45.200000000000003","-123.64",NA,"","","Interpolation - Digital Map Source (TIGER)","NAD27","257.0","m              ",NA,"","Photogrammetric","NAVD88      ","US",41,"71",NA,NA,NA,NA,NA,NA,NA,NA,"45.2","-123.64"
"1075","NARS","EPA National Aquatic Resource Survey Data","NARS-WORP99-0815","ROBA CREEK","River/Stream","FLOW is INTERRUPTED WADEABLE/SITE TYPE is EMAPPROB/Strahler Stream Order is  2/WATERSHED AREA is 11.0384km^2/Station Weight (km): 36.3806/IBI Score: 10.57/OE Taxa Loss: 0.428",17070303,NA,"",NA,NA,"44.259999999999998","-119.97",NA,"","","Interpolation - Digital Map Source (TIGER)","NAD27","1304.0","m              ",NA,"","Photogrammetric","NAVD88      ","US",41,"13",NA,NA,NA,NA,NA,NA,NA,NA,"44.26","-119.97"
"1076","NARS","EPA National Aquatic Resource Survey Data","NARS-WORP99-0816","SANDY RIVER","River/Stream","FLOW is BOATABLE/SITE TYPE is EMAPPROB/Strahler Stream Order is  5/WATERSHED AREA is 1248.4691km^2/Station Weight (km): 783.6822",17080001,NA,"",NA,NA,"45.509999999999998","-122.36",NA,"","","Interpolation - Digital Map Source (TIGER)","NAD27","11.0","m              ",NA,"","Photogrammetric","NAVD88      ","US",41,"51",NA,NA,NA,NA,NA,NA,NA,NA,"45.51","-122.36"
"1077","NARS","EPA National Aquatic Resource Survey Data","NARS-WORP99-0819","PYRAMID CREEK TRIBUTARY","River/Stream","FLOW is WADEABLE/SITE TYPE is EMAPPROB/Strahler Stream Order is  1/WATERSHED AREA is .7023km^2/Station Weight (km): 1175.5233/IBI Score: 78.594/OE Taxa Loss: 1.223",17090006,NA,"",NA,NA,"44.539999999999999","-122.06999999999999",NA,"","","Interpolation - Digital Map Source (TIGER)","NAD27","1203.0","m              ",NA,"","Photogrammetric","NAVD88      ","US",41,"43",NA,NA,NA,NA,NA,NA,NA,NA,"44.54","-122.07"
"1078","NARS","EPA National Aquatic Resource Survey Data","NARS-WORP99-0821","SOUTH FORK MCKENZIE RIVER TRIBUTARY","River/Stream","FLOW is WADEABLE/SITE TYPE is EMAPPROB/Strahler Stream Order is  1/WATERSHED AREA is 2.48km^2/Station Weight (km): 1175.5233/IBI Score: 63.174/OE Taxa Loss: 1.059",17090004,NA,"",NA,NA,"43.950000000000003","-122.11",NA,"","","Interpolation - Digital Map Source (TIGER)","NAD27","889.0","m              ",NA,"","Photogrammetric","NAVD88      ","US",41,"39",NA,NA,NA,NA,NA,NA,NA,NA,"43.95","-122.11"
"1082","NARS","EPA National Aquatic Resource Survey Data","NARS-WORP99-0848","DRY CABIN CREEK","River/Stream","FLOW is WADEABLE/SITE TYPE is EMAPPROB/Strahler Stream Order is  2/WATERSHED AREA is 1.949km^2",17070201,NA,"",NA,NA,"44.350000000000001","-119.41",NA,"","","Interpolation - Digital Map Source (TIGER)","NAD27","1624.0","m              ",NA,"","Photogrammetric","NAVD88      ","US",41,"23",NA,NA,NA,NA,NA,NA,NA,NA,"44.35","-119.41"
"1084","NARS","EPA National Aquatic Resource Survey Data","NARS-WORP99-0823","SOUTH FORK DIXIE CREEK","River/Stream","FLOW is WADEABLE/SITE TYPE is EMAPPROB/Strahler Stream Order is  3/WATERSHED AREA is 22.4775km^2/Station Weight (km): 470.2093/IBI Score: 50.172/OE Taxa Loss: 1.078",17050202,NA,"",NA,NA,"44.420000000000002","-117.51000000000001",NA,"","","Interpolation - Digital Map Source (TIGER)","NAD27","1167.0","m              ",NA,"","Photogrammetric","NAVD88      ","US",41,"1",NA,NA,NA,NA,NA,NA,NA,NA,"44.42","-117.51"
"1085","NARS","EPA National Aquatic Resource Survey Data","NARS-WORP99-0825","WEST FORK SMITH RIVER","River/Stream","FLOW is WADEABLE/SITE TYPE is EMAPPROB/Strahler Stream Order is  2/WATERSHED AREA is 40.3739km^2/Station Weight (km): 587.7617/IBI Score: 54.579/OE Taxa Loss: 0.873",17100303,NA,"",NA,NA,"43.850000000000001","-123.70999999999999",NA,"","","Interpolation - Digital Map Source (TIGER)","NAD27","131.0","m              ",NA,"","Photogrammetric","NAVD88      ","US",41,"19",NA,NA,NA,NA,NA,NA,NA,NA,"43.85","-123.71"
"1086","NARS","EPA National Aquatic Resource Survey Data","NARS-WORP99-0830","NORTH MINAM RIVER","River/Stream","FLOW is WADEABLE/SITE TYPE is EMAPPROB/Strahler Stream Order is  2/WATERSHED AREA is 31.8343km^2/Station Weight (km): 587.7617/IBI Score: 35.187/OE Taxa Loss: 0.717",17060105,NA,"",NA,NA,"45.270000000000003","-117.45999999999999",NA,"","","Interpolation - Digital Map Source (TIGER)","NAD27","1642.0","m              ",NA,"","Photogrammetric","NAVD88      ","US",41,"63",NA,NA,NA,NA,NA,NA,NA,NA,"45.27","-117.46"
"1087","NARS","EPA National Aquatic Resource Survey Data","NARS-WORP99-0841","CAMAS CREEK","River/Stream","FLOW is WADEABLE/SITE TYPE is EMAPPROB/Strahler Stream Order is  5/WATERSHED AREA is 1037.5657km^2/Station Weight (km): 48.5075/IBI Score: 62.819/OE Taxa Loss: 1.006",17070202,NA,"",NA,NA,"45.030000000000001","-118.97",NA,"","","Interpolation - Digital Map Source (TIGER)","NAD27","870.0","m              ",NA,"","Photogrammetric","NAVD88      ","US",41,"59",NA,NA,NA,NA,NA,NA,NA,NA,"45.03","-118.97"
"1088","NARS","EPA National Aquatic Resource Survey Data","NARS-WORP99-0842","SLIDE CREEK","River/Stream","FLOW is WADEABLE/SITE TYPE is EMAPPROB/Strahler Stream Order is  2/WATERSHED AREA is 16.0707km^2/Station Weight (km): 36.3806/IBI Score: 70.297/OE Taxa Loss: 1.167",17070203,NA,"",NA,NA,"44.710000000000001","-118.95",NA,"","","Interpolation - Digital Map Source (TIGER)","NAD27","1257.0","m              ",NA,"","Photogrammetric","NAVD88      ","US",41,"23",NA,NA,NA,NA,NA,NA,NA,NA,"44.71","-118.95"
"1089","NARS","EPA National Aquatic Resource Survey Data","NARS-WORP99-0851","CEDAR CREEK","River/Stream","FLOW is WADEABLE/SITE TYPE is EMAPPROB/Strahler Stream Order is  1/WATERSHED AREA is 9.2017km^2/Station Weight (km): 72.7612/IBI Score: 48.391/OE Taxa Loss: 0.875",17070306,NA,"",NA,NA,"45.189999999999998","-121.54000000000001",NA,"","","Interpolation - Digital Map Source (TIGER)","NAD27","1057.0","m              ",NA,"","Photogrammetric","NAVD88      ","US",41,"65",NA,NA,NA,NA,NA,NA,NA,NA,"45.19","-121.54"
"1090","NARS","EPA National Aquatic Resource Survey Data","NARS-WORP99-0852","LONE ROCK CREEK","River/Stream","FLOW is WADEABLE/SITE TYPE is EMAPPROB/Strahler Stream Order is  4/WATERSHED AREA is 218.3102km^2/Station Weight (km): 43.6567/IBI Score: 66.525/OE Taxa Loss: 0.806",17070204,NA,"",NA,NA,"45.159999999999997","-119.95",NA,"","","Interpolation - Digital Map Source (TIGER)","NAD27","716.0","m              ",NA,"","Photogrammetric","NAVD88      ","US",41,"21",NA,NA,NA,NA,NA,NA,NA,NA,"45.16","-119.95"
"1091","NARS","EPA National Aquatic Resource Survey Data","NARS-WORP99-0854","BEAVER / OLIVE CREEK","River/Stream","FLOW is WADEABLE/SITE TYPE is EMAPPROB/Strahler Stream Order is  3/WATERSHED AREA is 33.211km^2/Station Weight (km): 29.1045/IBI Score: 45.744/OE Taxa Loss: 0.921",17070202,NA,"",NA,NA,"44.770000000000003","-118.45",NA,"","","Interpolation - Digital Map Source (TIGER)","NAD27","1451.0","m              ",NA,"","Photogrammetric","NAVD88      ","US",41,"23",NA,NA,NA,NA,NA,NA,NA,NA,"44.77","-118.45"
"1092","NARS","EPA National Aquatic Resource Survey Data","NARS-WORP99-0856","SOUTH FORK JOHN DAY RIVER","River/Stream","FLOW is WADEABLE/SITE TYPE is EMAPPROB/Strahler Stream Order is  4/WATERSHED AREA is 163.3379km^2/Station Weight (km): 48.5075/IBI Score: 34.77/OE Taxa Loss: 0.61",17070201,NA,"",NA,NA,"44.009999999999998","-119.33",NA,"","","Interpolation - Digital Map Source (TIGER)","NAD27","1289.0","m              ",NA,"","Photogrammetric","NAVD88      ","US",41,"23",NA,NA,NA,NA,NA,NA,NA,NA,"44.01","-119.33"
"1093","NARS","EPA National Aquatic Resource Survey Data","NARS-WORP99-0860","BIG CREEK","River/Stream","FLOW is WADEABLE/SITE TYPE is EMAPPROB/Strahler Stream Order is  1/WATERSHED AREA is 3.3374km^2/Station Weight (km): 72.7612/IBI Score: 51.451/OE Taxa Loss: 1.235",17070203,NA,"",NA,NA,"44.770000000000003","-118.68000000000001",NA,"","","Interpolation - Digital Map Source (TIGER)","NAD27","1856.0","m              ",NA,"","Photogrammetric","NAVD88      ","US",41,"23",NA,NA,NA,NA,NA,NA,NA,NA,"44.77","-118.68"
"1094","NARS","EPA National Aquatic Resource Survey Data","NARS-WORP99-0864","ALDER CREEK","River/Stream","FLOW is WADEABLE/SITE TYPE is EMAPPROB/Strahler Stream Order is  2/WATERSHED AREA is 25.456km^2/Station Weight (km): 36.3806/IBI Score: 43.871/OE Taxa Loss: 1.18",17070202,NA,"",NA,NA,"45.049999999999997","-119.45",NA,"","","Interpolation - Digital Map Source (TIGER)","NAD27","1130.0","m              ",NA,"","Photogrammetric","NAVD88      ","US",41,"49",NA,NA,NA,NA,NA,NA,NA,NA,"45.05","-119.45"
"1095","NARS","EPA National Aquatic Resource Survey Data","NARS-WORP99-0866","NORTH FORK WIND CREEK","River/Stream","FLOW is WADEABLE/SITE TYPE is EMAPPROB/Strahler Stream Order is  2/WATERSHED AREA is 15.6122km^2/Station Weight (km): 36.3806/IBI Score: 48.186/OE Taxa Loss: 1.032",17070201,NA,"",NA,NA,"44.270000000000003","-119.59",NA,"","","Interpolation - Digital Map Source (TIGER)","NAD27","1147.0","m              ",NA,"","Photogrammetric","NAVD88      ","US",41,"23",NA,NA,NA,NA,NA,NA,NA,NA,"44.27","-119.59"
"1099","NARS","EPA National Aquatic Resource Survey Data","NARS-WORP99-0871","MARTIN CREEK","River/Stream","FLOW is WADEABLE/SITE TYPE is EMAPPROB/Strahler Stream Order is  2/WATERSHED AREA is 6.2429km^2/Station Weight (km): 36.3806/IBI Score: 60.839/OE Taxa Loss: 1.016",17070202,NA,"",NA,NA,"44.950000000000003","-118.54000000000001",NA,"","","Interpolation - Digital Map Source (TIGER)","NAD27","1673.0","m              ",NA,"","Photogrammetric","NAVD88      ","US",41,"23",NA,NA,NA,NA,NA,NA,NA,NA,"44.95","-118.54"
"1101","NARS","EPA National Aquatic Resource Survey Data","NARS-WORP99-0956","MILL CREEK","River/Stream","FLOW is WADEABLE/SITE TYPE is EMAPPROB/Strahler Stream Order is  2/WATERSHED AREA is 5.0992km^2",17090008,NA,"",NA,NA,"45.039999999999999","-123.43000000000001",NA,"","","Interpolation - Digital Map Source (TIGER)","NAD27","88.0","m              ",NA,"","Photogrammetric","NAVD88      ","US",41,"53",NA,NA,NA,NA,NA,NA,NA,NA,"45.04","-123.43"
"1102","NARS","EPA National Aquatic Resource Survey Data","NARS-WORP99-0957","EVANS CREEK","River/Stream","FLOW is WADEABLE/SITE TYPE is EMAPPROB/Strahler Stream Order is  2/WATERSHED AREA is 23.0585km^2",17100308,NA,"",NA,NA,"42.689999999999998","-122.95999999999999",NA,"","","Interpolation - Digital Map Source (TIGER)","NAD27","729.0","m              ",NA,"","Photogrammetric","NAVD88      ","US",41,"29",NA,NA,NA,NA,NA,NA,NA,NA,"42.69","-122.96"
"1103","NARS","EPA National Aquatic Resource Survey Data","NARS-WORP99-0877","MEADOW CREEK TRIBUTARY","River/Stream","FLOW is WADEABLE/SITE TYPE is EMAPPROB/Strahler Stream Order is  1/WATERSHED AREA is .5876km^2/Station Weight (km): 72.7612/IBI Score: 24.757/OE Taxa Loss: 0.848",17070202,NA,"",NA,NA,"44.960000000000001","-118.59999999999999",NA,"","","Interpolation - Digital Map Source (TIGER)","NAD27","1677.0","m              ",NA,"","Photogrammetric","NAVD88      ","US",41,"23",NA,NA,NA,NA,NA,NA,NA,NA,"44.96","-118.6"
"1104","NARS","EPA National Aquatic Resource Survey Data","NARS-WORP99-0879","NESTUCCA RIVER TRIBUTARY","River/Stream","FLOW is WADEABLE/SITE TYPE is EMAPPROB/Strahler Stream Order is  1/WATERSHED AREA is 5.9565km^2/Station Weight (km): 1175.5233/IBI Score: 76.576/OE Taxa Loss: 1.07",17100203,NA,"",NA,NA,"45.299999999999997","-123.47",NA,"","","Interpolation - Digital Map Source (TIGER)","NAD27","448.0","m              ",NA,"","Photogrammetric","NAVD88      ","US",41,"57",NA,NA,NA,NA,NA,NA,NA,NA,"45.3","-123.47"
"1105","NARS","EPA National Aquatic Resource Survey Data","NARS-WORP99-0883","NELSON CREEK","River/Stream","FLOW is WADEABLE/SITE TYPE is EMAPPROB/Strahler Stream Order is  2/WATERSHED AREA is 22.3109km^2/Station Weight (km): 36.3806/IBI Score: 35.56/OE Taxa Loss: 0.868",17070204,NA,"",NA,NA,"44.560000000000002","-120.17",NA,"","","Interpolation - Digital Map Source (TIGER)","NAD27","875.0","m              ",NA,"","Photogrammetric","NAVD88      ","US",41,"69",NA,NA,NA,NA,NA,NA,NA,NA,"44.56","-120.17"
"1106","NARS","EPA National Aquatic Resource Survey Data","NARS-WORP99-0885","SIUSLAW RIVER","River/Stream","FLOW is WADEABLE/SITE TYPE is EMAPPROB/Strahler Stream Order is  3/WATERSHED AREA is 325.6086km^2/Station Weight (km): 470.2093/IBI Score: 49.106/OE Taxa Loss: 0.543",17100206,NA,"",NA,NA,"43.869999999999997","-123.5",NA,"","","Interpolation - Digital Map Source (TIGER)","NAD27","154.0","m              ",NA,"","Photogrammetric","NAVD88      ","US",41,"39",NA,NA,NA,NA,NA,NA,NA,NA,"43.87","-123.5"
"1107","NARS","EPA National Aquatic Resource Survey Data","NARS-WORP99-0887","ROGUE RIVER","River/Stream","FLOW is BOATABLE/SITE TYPE is EMAPPROB/Strahler Stream Order is  5/WATERSHED AREA is 12936.6367km^2/Station Weight (km): 440.8212",17100310,NA,"",NA,NA,"42.520000000000003","-124.16",NA,"","","Interpolation - Digital Map Source (TIGER)","NAD27","20.0","m              ",NA,"","Photogrammetric","NAVD88      ","US",41,"15",NA,NA,NA,NA,NA,NA,NA,NA,"42.52","-124.16"
"1108","NARS","EPA National Aquatic Resource Survey Data","NARS-WORP99-0888","FISHHOLE CREEK","River/Stream","FLOW is WADEABLE/SITE TYPE is EMAPPROB/Strahler Stream Order is  3/WATERSHED AREA is 141.8782km^2/Station Weight (km): 470.2093/IBI Score: 45.63/OE Taxa Loss: 0.874",18010202,NA,"",NA,NA,"42.32","-120.98",NA,"","","Interpolation - Digital Map Source (TIGER)","NAD27","1395.0","m              ",NA,"","Photogrammetric","NAVD88      ","US",41,"35",NA,NA,NA,NA,NA,NA,NA,NA,"42.32","-120.98"
"1109","NARS","EPA National Aquatic Resource Survey Data","NARS-WORP99-0889","DESCHUTES RIVER","River/Stream","FLOW is BOATABLE/SITE TYPE is EMAPPROB/Strahler Stream Order is  6/WATERSHED AREA is 27576.6578km^2/Station Weight (km): 27.2854",17070306,NA,"",NA,NA,"45.409999999999997","-120.86",NA,"","","Interpolation - Digital Map Source (TIGER)","NAD27","131.0","m              ",NA,"","Photogrammetric","NAVD88      ","US",41,"55",NA,NA,NA,NA,NA,NA,NA,NA,"45.41","-120.86"
"1110","NARS","EPA National Aquatic Resource Survey Data","NARS-WORP99-0890","EAST FORK EAGLE CREEK","River/Stream","FLOW is WADEABLE/SITE TYPE is EMAPPROB/Strahler Stream Order is  1/WATERSHED AREA is 1.4403km^2/Station Weight (km): 1175.5233/IBI Score: 40.6469",17050203,NA,"",NA,NA,"45.149999999999999","-117.31",NA,"","","Interpolation - Digital Map Source (TIGER)","NAD27","2141.0","m              ",NA,"","Photogrammetric","NAVD88      ","US",41,"61",NA,NA,NA,NA,NA,NA,NA,NA,"45.15","-117.31"
"1111","NARS","EPA National Aquatic Resource Survey Data","NARS-WORP99-0891","ABBOT CREEK","River/Stream","FLOW is WADEABLE/SITE TYPE is EMAPPROB/Strahler Stream Order is  2/WATERSHED AREA is 22.6906km^2/Station Weight (km): 36.3806/IBI Score: 56.713/OE Taxa Loss: 0.901",17070301,NA,"",NA,NA,"44.549999999999997","-121.63",NA,"","","Interpolation - Digital Map Source (TIGER)","NAD27","853.0","m              ",NA,"","Photogrammetric","NAVD88      ","US",41,"31",NA,NA,NA,NA,NA,NA,NA,NA,"44.55","-121.63"
"1112","NARS","EPA National Aquatic Resource Survey Data","NARS-WORP99-0892","WILLIAMS RIVER","River/Stream","FLOW is WADEABLE/SITE TYPE is EMAPPROB/Strahler Stream Order is  3/WATERSHED AREA is 134.1066km^2/Station Weight (km): 470.2093/IBI Score: 51.762/OE Taxa Loss: 0.84",17100304,NA,"",NA,NA,"43.259999999999998","-123.72",NA,"","","Interpolation - Digital Map Source (TIGER)","NAD27","238.0","m              ",NA,"","Photogrammetric","NAVD88      ","US",41,"19",NA,NA,NA,NA,NA,NA,NA,NA,"43.26","-123.72"
"1113","NARS","EPA National Aquatic Resource Survey Data","NARS-WORP99-0893","WILLAMETTE RIVER COAST FORK TRIB","River/Stream","FLOW is WADEABLE/SITE TYPE is EMAPPROB/Strahler Stream Order is  1/WATERSHED AREA is 1.3334km^2/Station Weight (km): 1175.5233/IBI Score: 63.992/OE Taxa Loss: 0.954",17090002,NA,"",NA,NA,"43.590000000000003","-123.08",NA,"","","Interpolation - Digital Map Source (TIGER)","NAD27","384.0","m              ",NA,"","Photogrammetric","NAVD88      ","US",41,"39",NA,NA,NA,NA,NA,NA,NA,NA,"43.59","-123.08"
"1114","NARS","EPA National Aquatic Resource Survey Data","NARS-WORP99-0908","SOUTH FORK MURDERERS CREEK","River/Stream","FLOW is WADEABLE/SITE TYPE is EMAPPROB/Strahler Stream Order is  2/WATERSHED AREA is 37.6925km^2",17070201,NA,"",NA,NA,"44.25","-119.39",NA,"","","Interpolation - Digital Map Source (TIGER)","NAD27","1210.0","m              ",NA,"","Photogrammetric","NAVD88      ","US",41,"23",NA,NA,NA,NA,NA,NA,NA,NA,"44.25","-119.39"
"1115","NARS","EPA National Aquatic Resource Survey Data","NARS-WORP99-0912","LAKE CREEK","River/Stream","FLOW is WADEABLE/SITE TYPE is EMAPPROB/Strahler Stream Order is  2/WATERSHED AREA is 58.633km^2",17070204,NA,"",NA,NA,"44.850000000000001","-119.95999999999999",NA,"","","Interpolation - Digital Map Source (TIGER)","NAD27","722.0","m              ",NA,"","Photogrammetric","NAVD88      ","US",41,"69",NA,NA,NA,NA,NA,NA,NA,NA,"44.85","-119.96"
"1123","NARS","EPA National Aquatic Resource Survey Data","NARS-WORP99-0917","ROCK CREEK","River/Stream","FLOW is WADEABLE/SITE TYPE is EMAPPROB/Strahler Stream Order is  3/WATERSHED AREA is 97.3513km^2/Station Weight (km): 29.1045/IBI Score: 57.253/OE Taxa Loss: 1.318",17070201,NA,"",NA,NA,"44.439999999999998","-119.81",NA,"","","Interpolation - Digital Map Source (TIGER)","NAD27","1156.0","m              ",NA,"","Photogrammetric","NAVD88      ","US",41,"69",NA,NA,NA,NA,NA,NA,NA,NA,"44.44","-119.81"
"1124","NARS","EPA National Aquatic Resource Survey Data","NARS-WORP99-0923","HORSESHOE CREEK","River/Stream","FLOW is WADEABLE/SITE TYPE is EMAPPROB/Strahler Stream Order is  2/WATERSHED AREA is 55.5616km^2/Station Weight (km): 36.3806/IBI Score: 43.489/OE Taxa Loss: 0.827",17070204,NA,"",NA,NA,"44.759999999999998","-119.90000000000001",NA,"","","Interpolation - Digital Map Source (TIGER)","NAD27","769.0","m              ",NA,"","Photogrammetric","NAVD88      ","US",41,"69",NA,NA,NA,NA,NA,NA,NA,NA,"44.76","-119.9"
"1125","NARS","EPA National Aquatic Resource Survey Data","NARS-WORP99-0924","ORIENTAL CREEK","River/Stream","FLOW is WADEABLE/SITE TYPE is EMAPPROB/Strahler Stream Order is  2/WATERSHED AREA is 9.421km^2/Station Weight (km): 36.3806/IBI Score: 54.254/OE Taxa Loss: 0.719",17070202,NA,"",NA,NA,"44.990000000000002","-118.72",NA,"","","Interpolation - Digital Map Source (TIGER)","NAD27","1225.0","m              ",NA,"","Photogrammetric","NAVD88      ","US",41,"23",NA,NA,NA,NA,NA,NA,NA,NA,"44.99","-118.72"
"1126","NARS","EPA National Aquatic Resource Survey Data","NARS-WORP99-0928","LITTLE BADGER CREEK","River/Stream","FLOW is WADEABLE/SITE TYPE is EMAPPROB/Strahler Stream Order is  1/WATERSHED AREA is 1.9365km^2/Station Weight (km): 72.7612/IBI Score: 39.21/OE Taxa Loss: 1.158",17070306,NA,"",NA,NA,"45.299999999999997","-121.44",NA,"","","Interpolation - Digital Map Source (TIGER)","NAD27","1234.0","m              ",NA,"","Photogrammetric","NAVD88      ","US",41,"65",NA,NA,NA,NA,NA,NA,NA,NA,"45.3","-121.44"
"1127","NARS","EPA National Aquatic Resource Survey Data","NARS-WORP99-0929","BUTTE CREEK","River/Stream","FLOW is WADEABLE/SITE TYPE is EMAPPROB/Strahler Stream Order is  3/WATERSHED AREA is 78.9586km^2/Station Weight (km): 29.1045/IBI Score: 5.38/OE Taxa Loss: 0.411",17070204,NA,"",NA,NA,"44.990000000000002","-120.19",NA,"","","Interpolation - Digital Map Source (TIGER)","NAD27","838.0","m              ",NA,"","Photogrammetric","NAVD88      ","US",41,"69",NA,NA,NA,NA,NA,NA,NA,NA,"44.99","-120.19"
"1128","NARS","EPA National Aquatic Resource Survey Data","NARS-WORP99-0931","BULL RUN CREEK","River/Stream","FLOW is WADEABLE/SITE TYPE is EMAPPROB/Strahler Stream Order is  1/WATERSHED AREA is 4.4236km^2/Station Weight (km): 72.7612/IBI Score: 45.075/OE Taxa Loss: 0.722",17070202,NA,"",NA,NA,"44.780000000000001","-118.37",NA,"","","Interpolation - Digital Map Source (TIGER)","NAD27","1430.0","m              ",NA,"","Photogrammetric","NAVD88      ","US",41,"23",NA,NA,NA,NA,NA,NA,NA,NA,"44.78","-118.37"
"1129","NARS","EPA National Aquatic Resource Survey Data","NARS-WORP99-0935","DITCH CREEK","River/Stream","FLOW is WADEABLE/SITE TYPE is EMAPPROB/Strahler Stream Order is  3/WATERSHED AREA is 38.8451km^2/Station Weight (km): 29.1045/IBI Score: 47.981/OE Taxa Loss: 0.764",17070202,NA,"",NA,NA,"45.049999999999997","-119.34",NA,"","","Interpolation - Digital Map Source (TIGER)","NAD27","1211.0","m              ",NA,"","Photogrammetric","NAVD88      ","US",41,"49",NA,NA,NA,NA,NA,NA,NA,NA,"45.05","-119.34"
"1130","NARS","EPA National Aquatic Resource Survey Data","NARS-WORP99-0937","BLACK CANYON CREEK","River/Stream","FLOW is WADEABLE/SITE TYPE is EMAPPROB/Strahler Stream Order is  3/WATERSHED AREA is 31.4085km^2/Station Weight (km): 29.1045/IBI Score: 58.08/OE Taxa Loss: 1.307",17070201,NA,"",NA,NA,"44.340000000000003","-119.65000000000001",NA,"","","Interpolation - Digital Map Source (TIGER)","NAD27","1230.0","m              ",NA,"","Photogrammetric","NAVD88      ","US",41,"23",NA,NA,NA,NA,NA,NA,NA,NA,"44.34","-119.65"
"1131","NARS","EPA National Aquatic Resource Survey Data","NARS-WORP99-0947","JOHNNY CREEK","River/Stream","FLOW is WADEABLE/SITE TYPE is EMAPPROB/Strahler Stream Order is  2/WATERSHED AREA is 17.3429km^2/Station Weight (km): 36.3806/IBI Score: 11.905/OE Taxa Loss: 0.591",17070201,NA,"",NA,NA,"44.619999999999997","-119.63",NA,"","","Interpolation - Digital Map Source (TIGER)","NAD27","642.0","m              ",NA,"","Photogrammetric","NAVD88      ","US",41,"23",NA,NA,NA,NA,NA,NA,NA,NA,"44.62","-119.63"
"1132","NARS","EPA National Aquatic Resource Survey Data","NARS-WORP99-0948","POTAMUS CREEK","River/Stream","FLOW is WADEABLE/SITE TYPE is EMAPPROB/Strahler Stream Order is  2/WATERSHED AREA is 39.448km^2/Station Weight (km): 36.3806/IBI Score: 57.496/OE Taxa Loss: 1.124",17070202,NA,"",NA,NA,"45.090000000000003","-119.20999999999999",NA,"","","Interpolation - Digital Map Source (TIGER)","NAD27","1325.0","m              ",NA,"","Photogrammetric","NAVD88      ","US",41,"49",NA,NA,NA,NA,NA,NA,NA,NA,"45.09","-119.21"
"1133","NARS","EPA National Aquatic Resource Survey Data","NARS-WORP99-0950","SIUSLAW RIVER","River/Stream","FLOW is BOATABLE/SITE TYPE is EMAPPROB/Strahler Stream Order is  4/WATERSHED AREA is 635.5669km^2/Station Weight (km): 783.6822",17100206,NA,"",NA,NA,"43.979999999999997","-123.63",NA,"","","Interpolation - Digital Map Source (TIGER)","NAD27","95.0","m              ",NA,"","Photogrammetric","NAVD88      ","US",41,"39",NA,NA,NA,NA,NA,NA,NA,NA,"43.98","-123.63"
"1134","NARS","EPA National Aquatic Resource Survey Data","NARS-WORP99-0952","UPPER LAND CREEK","River/Stream","FLOW is WADEABLE/SITE TYPE is EMAPPROB/Strahler Stream Order is  1/WATERSHED AREA is 9.3846km^2/Station Weight (km): 1175.5233/IBI Score: 62.989/OE Taxa Loss: 1.16",17100305,NA,"",NA,NA,"42.82","-124.04000000000001",NA,"","","Interpolation - Digital Map Source (TIGER)","NAD27","158.0","m              ",NA,"","Photogrammetric","NAVD88      ","US",41,"11",NA,NA,NA,NA,NA,NA,NA,NA,"42.82","-124.04"
"1135","NARS","EPA National Aquatic Resource Survey Data","NARS-WORP99-0954","WINSLOW CREEK","River/Stream","FLOW is WADEABLE/SITE TYPE is EMAPPROB/Strahler Stream Order is  1/WATERSHED AREA is 3.4431km^2/Station Weight (km): 1175.5233/IBI Score: 76.809/OE Taxa Loss: 1.131",17090011,NA,"",NA,NA,"45.189999999999998","-122.13",NA,"","","Interpolation - Digital Map Source (TIGER)","NAD27","753.0","m              ",NA,"","Photogrammetric","NAVD88      ","US",41,"5",NA,NA,NA,NA,NA,NA,NA,NA,"45.19","-122.13"
"1136","NARS","EPA National Aquatic Resource Survey Data","NARS-WORP99-0972","FIVEMILE CREEK","River/Stream","FLOW is WADEABLE/SITE TYPE is EMAPPROB/Strahler Stream Order is  4/WATERSHED AREA is 108.947km^2/Station Weight (km): 48.5075/IBI Score: 61.129/OE Taxa Loss: 1.15",17070202,NA,"",NA,NA,"45.079999999999998","-119.04000000000001",NA,"","","Interpolation - Digital Map Source (TIGER)","NAD27","1129.0","m              ",NA,"","Photogrammetric","NAVD88      ","US",41,"59",NA,NA,NA,NA,NA,NA,NA,NA,"45.08","-119.04"
"1137","NARS","EPA National Aquatic Resource Survey Data","NARS-WORP99-0973","MIDDLE FORK JOHN DAY RIVER","River/Stream","FLOW is BOATABLE/SITE TYPE is EMAPPROB/Strahler Stream Order is  5/WATERSHED AREA is 999.3086km^2/Station Weight (km): 48.5075",17070203,NA,"",NA,NA,"44.770000000000003","-118.87",NA,"","","Interpolation - Digital Map Source (TIGER)","NAD27","1026.0","m              ",NA,"","Photogrammetric","NAVD88      ","US",41,"23",NA,NA,NA,NA,NA,NA,NA,NA,"44.77","-118.87"
"1143","NARS","EPA National Aquatic Resource Survey Data","NARS-WORP99-0977","BOLOGNA CREEK","River/Stream","FLOW is WADEABLE/SITE TYPE is EMAPPROB/Strahler Stream Order is  2/WATERSHED AREA is 13.6667km^2/Station Weight (km): 36.3806/IBI Score: 5.138/OE Taxa Loss: 0.759",17070204,NA,"",NA,NA,"44.840000000000003","-119.59",NA,"","","Interpolation - Digital Map Source (TIGER)","NAD27","1011.0","m              ",NA,"","Photogrammetric","NAVD88      ","US",41,"23",NA,NA,NA,NA,NA,NA,NA,NA,"44.84","-119.59"
"1144","NARS","EPA National Aquatic Resource Survey Data","NARS-WORP99-0985","JACKASS CREEK","River/Stream","FLOW is WADEABLE/SITE TYPE is EMAPPROB/Strahler Stream Order is  2/WATERSHED AREA is 9.8785km^2/Station Weight (km): 36.3806/IBI Score: 37.6829",17070201,NA,"",NA,NA,"44.350000000000001","-119.54000000000001",NA,"","","Interpolation - Digital Map Source (TIGER)","NAD27","925.0","m              ",NA,"","Photogrammetric","NAVD88      ","US",41,"23",NA,NA,NA,NA,NA,NA,NA,NA,"44.35","-119.54"
"1145","NARS","EPA National Aquatic Resource Survey Data","NARS-WORP99-0987","WILDCAT CREEK","River/Stream","FLOW is WADEABLE/SITE TYPE is EMAPPROB/Strahler Stream Order is  2/WATERSHED AREA is 13.4517km^2",17070201,NA,"",NA,NA,"44.159999999999997","-119.53",NA,"","","Interpolation - Digital Map Source (TIGER)","NAD27","1300.0","m              ",NA,"","Photogrammetric","NAVD88      ","US",41,"23",NA,NA,NA,NA,NA,NA,NA,NA,"44.16","-119.53"
"1146","NARS","EPA National Aquatic Resource Survey Data","NARS-WORP99-0988","DESCHUTES RIVER","River/Stream","FLOW is BOATABLE/SITE TYPE is EMAPPROB/Strahler Stream Order is  6/WATERSHED AREA is 25726.6543km^2",17070306,NA,"",NA,NA,"45.189999999999998","-121.08",NA,"","","Interpolation - Digital Map Source (TIGER)","NAD27","245.0","m              ",NA,"","Photogrammetric","NAVD88      ","US",41,"65",NA,NA,NA,NA,NA,NA,NA,NA,"45.19","-121.08"
"1147","NARS","EPA National Aquatic Resource Survey Data","NARS-WORP99-0997","CANYON CREEK EAST FORK","River/Stream","FLOW is WADEABLE/SITE TYPE is EMAPPROB/Strahler Stream Order is  1/WATERSHED AREA is 2.9864km^2/Station Weight (km): 72.7612/IBI Score: 73.798/OE Taxa Loss: 1.163",17070201,NA,"",NA,NA,"44.25","-118.72",NA,"","","Interpolation - Digital Map Source (TIGER)","NAD27","1740.0","m              ",NA,"","Photogrammetric","NAVD88      ","US",41,"23",NA,NA,NA,NA,NA,NA,NA,NA,"44.25","-118.72"
"1148","NARS","EPA National Aquatic Resource Survey Data","NARS-WORP99-1002","GRANITE CREEK","River/Stream","FLOW is WADEABLE/SITE TYPE is EMAPPROB/Strahler Stream Order is  4/WATERSHED AREA is 116.9476km^2/Station Weight (km): 48.5075/IBI Score: 69.811/OE Taxa Loss: 1.027",17070202,NA,"",NA,NA,"44.799999999999997","-118.42",NA,"","","Interpolation - Digital Map Source (TIGER)","NAD27","1390.0","m              ",NA,"","Photogrammetric","NAVD88      ","US",41,"23",NA,NA,NA,NA,NA,NA,NA,NA,"44.8","-118.42"
"1149","NARS","EPA National Aquatic Resource Survey Data","NARS-WORP99-1003","CAMP CREEK","River/Stream","FLOW is WADEABLE/SITE TYPE is EMAPPROB/Strahler Stream Order is  3/WATERSHED AREA is 77.4661km^2/Station Weight (km): 29.1045/IBI Score: 65.088/OE Taxa Loss: 1.004",17070203,NA,"",NA,NA,"44.630000000000003","-118.84",NA,"","","Interpolation - Digital Map Source (TIGER)","NAD27","1215.0","m              ",NA,"","Photogrammetric","NAVD88      ","US",41,"23",NA,NA,NA,NA,NA,NA,NA,NA,"44.63","-118.84"
"1150","NARS","EPA National Aquatic Resource Survey Data","NARS-WORP99-1016","SUTTLE CAMP CREEK","River/Stream","FLOW is WADEABLE/SITE TYPE is EMAPPROB/Strahler Stream Order is  1/WATERSHED AREA is 2.8412km^2/Station Weight (km): 1175.5233/IBI Score: 90.1283",17090006,NA,"",NA,NA,"44.43","-122.27",NA,"","","Interpolation - Digital Map Source (TIGER)","NAD27","790.0","m              ",NA,"","Photogrammetric","NAVD88      ","US",41,"43",NA,NA,NA,NA,NA,NA,NA,NA,"44.43","-122.27"
"1151","NARS","EPA National Aquatic Resource Survey Data","NARS-WORP99-1017","ROUGH CREEK","River/Stream","FLOW is WADEABLE/SITE TYPE is EMAPPROB/Strahler Stream Order is  2/WATERSHED AREA is 15.5057km^2/Station Weight (km): 587.7617/IBI Score: 69.885/OE Taxa Loss: 1.171",17100301,NA,"",NA,NA,"43.18","-122.31999999999999",NA,"","","Interpolation - Digital Map Source (TIGER)","NAD27","1256.0","m              ",NA,"","Photogrammetric","NAVD88      ","US",41,"19",NA,NA,NA,NA,NA,NA,NA,NA,"43.18","-122.32"
"1155","NARS","EPA National Aquatic Resource Survey Data","NARS-WORP99-1018","GOODMAN CREEK","River/Stream","FLOW is WADEABLE/SITE TYPE is EMAPPROB/Strahler Stream Order is  2/WATERSHED AREA is 29.9529km^2/Station Weight (km): 587.7617/IBI Score: 63.699/OE Taxa Loss: 0.94",17090001,NA,"",NA,NA,"43.840000000000003","-122.67",NA,"","","Interpolation - Digital Map Source (TIGER)","NAD27","294.0","m              ",NA,"","Photogrammetric","NAVD88      ","US",41,"39",NA,NA,NA,NA,NA,NA,NA,NA,"43.84","-122.67"
"1156","NARS","EPA National Aquatic Resource Survey Data","NARS-WORP99-1019","FISH CREEK","River/Stream","FLOW is WADEABLE/SITE TYPE is EMAPPROB/Strahler Stream Order is  3/WATERSHED AREA is 55.8926km^2/Station Weight (km): 293.8808/IBI Score: 75.042/OE Taxa Loss: 0.943",17120003,NA,"",NA,NA,"42.75","-118.81999999999999",NA,"","","Interpolation - Digital Map Source (TIGER)","NAD27","1380.0","m              ",NA,"","Photogrammetric","NAVD88      ","US",41,"25",NA,NA,NA,NA,NA,NA,NA,NA,"42.75","-118.82"
"1157","NARS","EPA National Aquatic Resource Survey Data","NARS-WORP99-1021","MURDERERS CREEK","River/Stream","FLOW is WADEABLE/SITE TYPE is EMAPPROB/Strahler Stream Order is  3/WATERSHED AREA is 21.1214km^2/Station Weight (km): 29.1045/IBI Score: 51.615/OE Taxa Loss: 0.996",17070201,NA,"",NA,NA,"44.259999999999998","-119.20999999999999",NA,"","","Interpolation - Digital Map Source (TIGER)","NAD27","1385.0","m              ",NA,"","Photogrammetric","NAVD88      ","US",41,"23",NA,NA,NA,NA,NA,NA,NA,NA,"44.26","-119.21"
